<?xml version="1.0" encoding="UTF-8" ?>
<!DOCTYPE mapper PUBLIC "-//mybatis.org/DTD Mapper 3.0//EN"
        "http://mybatis.org/dtd/mybatis-3-mapper.dtd">

<mapper namespace="jp.co.aeroasahi.tpkt.batch.ckb0101.CKB0101Repository">

    <update id="truncateTable">
        truncate table ${tableName}
    </update>

    <insert id="createRegInfo">
        INSERT INTO
            ck_doc_reg_info
            (
              pj_id,
              doc_type,
              file_path,
              file_name,
              created_at
             )
        VALUES
            (
             #{pjId},
             #{docType},
             #{filePath},
             #{fileName},
             #{createdAt}
            )
    </insert>

    <select id="findQualityRecordDoc" resultType="jp.co.aeroasahi.tpkt.batch.ckb0101.CKB0101QualityRecordDocInput">
        SELECT
            doc_type AS docType,
            doc_name AS docName,
            unreg_target AS unregTarget,
            unreg_target_date AS unregTargetDate,
            sort_num AS sortNum,
            created_by AS createdBy,
            created_at AS createdAt,
            updated_by AS updatedBy,
            updated_at AS updatedAt
        FROM
            ck_ma_quality_record_doc
    </select>

    <insert id="createRegDateInfo">
        INSERT INTO
            ck_doc_reg_date_info
            (
             file_name,
             reged_on,
             original_collected,
             created_by,
             created_at,
             updated_by,
             updated_at
            )
        VALUES
            (
            #{fileName},
            <choose>
                <when test="regedOn != null">
                    #{regedOn},
                </when>
                <otherwise>
                    CONVERT(date, NULL),
                </otherwise>
            </choose>
            <choose>
                <when test="originalCollected != null">
                    #{originalCollected},
                </when>
                <otherwise>
                    CONVERT(date, NULL),
                </otherwise>
            </choose>
            #{createdBy},
            #{createdAt},
            #{updatedBy},
            #{updatedAt}
            )
    </insert>

    <insert id="createRegStsPj">
        INSERT INTO
            ck_doc_reg_status_pj
            (
             pj_id,
             doc_type,
             doc_reg_status,
             created_at
            )
            (
             SELECT DISTINCT
                 pj_id,
                 doc_type,
                 '0',
                 #{sysdatetime}
                 FROM
                 project
                 CROSS JOIN
                 ck_ma_quality_record_doc
             )
    </insert>

    <select id="findRegDateInfo" resultType="jp.co.aeroasahi.tpkt.batch.ckb0101.CKB0101RegDateInfoOutput">
        SELECT
            file_name AS fileName,
            reged_on AS regedOn,
            original_collected AS originalCollected,
            created_by AS createdBy,
            created_at AS createdAt,
            updated_by AS updatedBy,
            updated_at AS updatedAt
        FROM
            ck_doc_reg_date_info
    </select>

    <select id="findUnregStatus" resultType="jp.co.aeroasahi.tpkt.batch.ckb0101.CKB0101UnregStatusInput">
        SELECT
            REGPJ.pj_id AS pjId,
            DOCM.doc_type AS docType,
            DOCM.doc_name AS docName,
            DOCM.unreg_target AS unregTarget,
            DOCM.unreg_target_date AS unregTargetDate,
        CASE WHEN
            DOCM.unreg_target = '1' THEN PJ.received_on
        WHEN
             DOCM.unreg_target = '2' THEN PJ.planed_selling_on
        END AS regDate
        FROM
            ck_ma_quality_record_doc DOCM
        INNER JOIN
            ck_doc_reg_status_pj REGPJ
        ON
            REGPJ.doc_type = DOCM.doc_type
        INNER JOIN
            project PJ
        ON
            REGPJ.pj_id = pj.pj_id
        LEFT JOIN
            ck_req_doc_info REQ
        ON
            REQ.doc_type = DOCM.doc_type
        AND
            REGPJ.pj_id = REQ.pj_id
        WHERE
            REQ.require_kbn = '1'
        AND
            (REGPJ.doc_reg_status = '0' OR REGPJ.doc_reg_status IS NULL)
        AND
            DOCM.unreg_target IN ('1', '2')
    </select>

    <update id="updateRegStsPj">
        UPDATE ck_doc_reg_status_pj
        <set>
            doc_reg_status = '1',
            created_at = #{sysdatetime}
        </set>
        FROM
            (
             SELECT
                 CDRSPJ.pj_id,
                 CDRSPJ.doc_type
             FROM
                 ck_doc_reg_status_pj CDRSPJ
             LEFT JOIN
                 ck_doc_reg_info CDRI
             ON
                 CDRSPJ.pj_id = CDRI.pj_id
             AND
                 CDRSPJ.doc_type = CDRI.doc_type
                 WHERE CDRI.pj_id IS NOT NULL
            ) A
        WHERE
            ck_doc_reg_status_pj.pj_id = A.pj_id
        AND
            ck_doc_reg_status_pj.doc_type = A.doc_type
    </update>

    <insert id="createUnregStatus">
        INSERT INTO
            ck_doc_unreg_status
            (
             pj_id,
             doc_type,
             message,
             created_at
            )
        VALUES
            (
             #{pjId},
             #{docType},
             #{message},
             #{createdAt}
            )
    </insert>

    <select id="findAllInsertTarget" resultType="jp.co.aeroasahi.tpkt.batch.ckb0101.CKB0101RegStsBuPjInput">
        SELECT
            A.bu_pj_att_id,
            A.doc_type,
            '1' as doc_reg_status,
            B.maxReg AS maxReqInfo,
            C.minReg AS minRegStas,
            C.maxReg AS maxRegStas,
            <!-- Dのクエリで取得できなかった場合は1とし、取得できた場合は0 -->
            CASE WHEN
                D.bu_pj_att_id IS NULL THEN 1
            ELSE
                0
            END AS originalReged
        FROM
            (
                SELECT DISTINCT
                    PJ.bu_pj_att_id,
                    CDRS.doc_type
                FROM
                    project PJ
                INNER JOIN
                    ck_doc_reg_status_pj CDRS
                ON
                    PJ.pj_id = CDRS.pj_id
            ) A
        LEFT JOIN
            (
                SELECT
                    PJ.bu_pj_att_id,
                    CDRSPJ.doc_type,
                    MAX(CDRSPJ.doc_reg_status) AS maxReg
                FROM
                    project PJ
                INNER JOIN
                    ck_doc_reg_status_pj CDRSPJ
                ON
                    PJ.pj_id = CDRSPJ.pj_id
                LEFT JOIN
                    ck_req_doc_info CRDI
                ON
                    CDRSPJ.pj_id = CRDI.pj_id
                AND CDRSPJ.doc_type = CRDI.doc_type
                GROUP BY
                    PJ.bu_pj_att_id,
                    CDRSPJ.doc_type
            ) B
        ON
            A.bu_pj_att_id = B.bu_pj_att_id
        AND A.doc_type = B.doc_type
        LEFT JOIN
            (
                SELECT
                    PJ.bu_pj_att_id,
                    TEMP.doc_type,
                    MIN(TEMP.doc_reg_status) AS minReg,
                    MAX(TEMP.doc_reg_status) AS maxReg
                FROM
                (
                    SELECT
                        CRDI.pj_id,
                        CRDI.doc_type,
                        CDRSPJ.doc_reg_status,
                        CASE WHEN
                            CRDI.require_kbn IS NULL THEN '1'
                        ELSE
                            CRDI.require_kbn
                        END AS require_kbn
                    FROM
                        ck_doc_reg_status_pj CDRSPJ
                    LEFT JOIN
                        ck_req_doc_info CRDI
                    ON
                        CDRSPJ.pj_id = CRDI.pj_id
                    AND CDRSPJ.doc_type = CRDI.doc_type
                ) TEMP
                INNER JOIN
                    project PJ
                ON
                    TEMP.pj_id = PJ.pj_id
                WHERE
                    TEMP.require_kbn = '1'
                GROUP BY
                    PJ.bu_pj_att_id,
                    TEMP.doc_type
            ) C
        ON
            A.bu_pj_att_id = C.bu_pj_att_id
        AND A.doc_type = C.doc_type
        LEFT JOIN
        (
            SELECT
                PJ.bu_pj_att_id,
                RI.doc_type
            FROM
                ck_doc_reg_info RI
            INNER JOIN
                ck_doc_reg_date_info DI
            ON
                RI.file_name = DI.file_name
            INNER JOIN
                project PJ
            ON
                RI.pj_id = PJ.pj_id
            WHERE
                RI.doc_type IN ('29','37','40')
            AND DI.original_collected IS NULL
            GROUP BY
                PJ.bu_pj_att_id,
                RI.doc_type
        ) D
        ON
            A.bu_pj_att_id = D.bu_pj_att_id
        AND A.doc_type = D.doc_type
    </select>

    <insert id="createBuPjRegStatusInfo">
        INSERT INTO
            ck_doc_reg_status_bu
            (
             bu_pj_att_id,
             doc_type,
             doc_reg_status,
             original_reged,
             created_at
            )
            VALUES
            (
                 #{buPjAttId},
                 #{docType},
                 #{docRegStatus},
                 #{originalReged},
                 #{createdAt}
             )
    </insert>

    <delete id="deleteDocRegInfoByPjid">
        DELETE
        FROM
            ck_doc_reg_info
        WHERE
            pj_id
        IN
            (
            SELECT
                PJ.pj_id
            FROM
                project PJ
            LEFT JOIN
                ck_doc_reg_info CDRI
            ON
                PJ.pj_id = CDRI.pj_id
            WHERE
                CDRI.pj_id IS NULL
            )
    </delete>

    <update id="updateProjectById">
        UPDATE
            project
        SET
            personal_info_num = #{colA},
            updated_at = #{createdAt}
        WHERE
            pj_id = #{pjId}
    </update>

    <select id="findExcelInfos" resultType="jp.co.aeroasahi.tpkt.batch.ckb0101.CKB0101ExcelInput">
        SELECT
            pj_id AS pjId,
            doc_type AS docType,
            file_path AS filePath,
            file_name AS fileName,
            created_at AS createdAt
        FROM
            ck_doc_reg_info
        WHERE
            doc_type IN ('18')
    </select>

</mapper>

