<?xml version="1.0" encoding="UTF-8"?>
<beans xmlns="http://www.springframework.org/schema/beans" xmlns:xsi="http://www.w3.org/2001/XMLSchema-instance"
    xmlns:context="http://www.springframework.org/schema/context"
    xmlns:batch="http://www.springframework.org/schema/batch" xmlns:p="http://www.springframework.org/schema/p"
    xmlns:mybatis="http://mybatis.org/schema/mybatis-spring"
    xsi:schemaLocation="http://www.springframework.org/schema/beans http://www.springframework.org/schema/beans/spring-beans.xsd
             http://www.springframework.org/schema/context http://www.springframework.org/schema/context/spring-context.xsd
             http://www.springframework.org/schema/batch http://www.springframework.org/schema/batch/spring-batch.xsd
             http://mybatis.org/schema/mybatis-spring http://mybatis.org/schema/mybatis-spring.xsd">

    <import resource="classpath:META-INF/spring/job-base-context.xml" />

    <context:component-scan base-package="jp.co.aeroasahi.tpkt.batch.mdb0005" />

    <mybatis:scan base-package="jp.co.aeroasahi.tpkt.batch.mdb0005" factory-ref="jobSqlSessionFactory" />

   <batch:job id="mdb0005Job" job-repository="jobRepository">
        <batch:step id="mdb0005Job.step01" next="mdb0005Job.step02">
            <batch:tasklet transaction-manager="jobTransactionManager" ref="MDB0005Tasklet11">
            </batch:tasklet>
        </batch:step>
        <batch:step id="mdb0005Job.step02" next="mdb0005Job.step03">
            <batch:tasklet transaction-manager="jobTransactionManager" ref="MDB0005Tasklet12">
            </batch:tasklet>
        </batch:step>
        <batch:step id="mdb0005Job.step03" next="mdb0005Job.step04">
            <batch:tasklet transaction-manager="jobTransactionManager" ref="MDB0005Tasklet21">
            </batch:tasklet>
        </batch:step>
        <batch:step id="mdb0005Job.step04" next="mdb0005Job.step05">
            <batch:tasklet transaction-manager="jobTransactionManager" ref="MDB0005Tasklet22">
            </batch:tasklet>
        </batch:step>
        <batch:step id="mdb0005Job.step05" next="mdb0005Job.step06">
            <batch:tasklet transaction-manager="jobTransactionManager" ref="MDB0005Tasklet31">
            </batch:tasklet>
        </batch:step>
        <batch:step id="mdb0005Job.step06">
            <batch:tasklet transaction-manager="jobTransactionManager" ref="MDB0005Tasklet32">
            </batch:tasklet>
        </batch:step>
        <batch:listeners>
            <batch:listener ref="jobExecutionLoggingListener" />
        </batch:listeners>
    </batch:job>

</beans>
