<?xml version="1.0" encoding="UTF-8"?>
<beans xmlns="http://www.springframework.org/schema/beans" xmlns:xsi="http://www.w3.org/2001/XMLSchema-instance"
    xmlns:context="http://www.springframework.org/schema/context"
    xmlns:batch="http://www.springframework.org/schema/batch" xmlns:p="http://www.springframework.org/schema/p"
    xmlns:mybatis="http://mybatis.org/schema/mybatis-spring"
    xsi:schemaLocation="http://www.springframework.org/schema/beans http://www.springframework.org/schema/beans/spring-beans.xsd
             http://www.springframework.org/schema/context http://www.springframework.org/schema/context/spring-context.xsd
             http://www.springframework.org/schema/batch http://www.springframework.org/schema/batch/spring-batch.xsd
             http://mybatis.org/schema/mybatis-spring http://mybatis.org/schema/mybatis-spring.xsd">

    <import resource="classpath:META-INF/spring/job-base-context.xml" />

    <context:component-scan base-package="jp.co.aeroasahi.tpkt.batch.mdb0003" />

    <mybatis:scan base-package="jp.co.aeroasahi.tpkt.batch.mdb0003" factory-ref="jobSqlSessionFactory" />

   <batch:job id="mdb0003Job" job-repository="jobRepository">
        <batch:step id="mdb0003Job.job01.step01_01">
            <batch:tasklet transaction-manager="jobTransactionManager" ref="MDB0003Tasklet11">
            </batch:tasklet>
            <batch:next on="COMPLETED" to="mdb0003Job.job01.step01_02" />
            <batch:next on="SKIP" to="mdb0003Job.job02.step01_01" />
        </batch:step>
        <batch:step id="mdb0003Job.job01.step01_02" next="mdb0003Job.job02.step01_01">
            <batch:tasklet transaction-manager="jobTransactionManager" ref="MDB0003Tasklet12">
            </batch:tasklet>
        </batch:step>

        <batch:step id="mdb0003Job.job02.step01_01">
            <batch:tasklet transaction-manager="jobTransactionManager" ref="MDB0003Tasklet21">
            </batch:tasklet>
            <batch:next on="COMPLETED" to="mdb0003Job.job02.step01_02" />
            <batch:next on="SKIP" to="mdb0003Job.job03.step01_01" />
            <batch:next on="FAILED" to="mdb0003Job.job02.step11_04" />
        </batch:step>
        <batch:step id="mdb0003Job.job02.step01_02">
            <batch:tasklet transaction-manager="jobTransactionManager" ref="MDB0003Tasklet22">
            </batch:tasklet>
            <batch:next on="COMPLETED" to="mdb0003Job.job02.step02_01" />
            <batch:next on="FAILED" to="mdb0003Job.job02.step11_04" />
        </batch:step>
        <batch:step id="mdb0003Job.job02.step02_01">
            <batch:tasklet transaction-manager="jobTransactionManager" ref="MDB0003Tasklet31">
            </batch:tasklet>
            <batch:next on="COMPLETED" to="mdb0003Job.job02.step02_02" />
            <batch:next on="FAILED" to="mdb0003Job.job02.step11_04" />
        </batch:step>
        <batch:step id="mdb0003Job.job02.step02_02">
            <batch:tasklet transaction-manager="jobTransactionManager" ref="MDB0003Tasklet32">
            </batch:tasklet>
            <batch:next on="COMPLETED" to="mdb0003Job.job02.step03_01" />
            <batch:next on="FAILED" to="mdb0003Job.job02.step11_04" />
        </batch:step>
        <batch:step id="mdb0003Job.job02.step03_01">
            <batch:tasklet transaction-manager="jobTransactionManager" ref="MDB0003Tasklet41">
            </batch:tasklet>
            <batch:next on="COMPLETED" to="mdb0003Job.job02.step03_02" />
            <batch:next on="FAILED" to="mdb0003Job.job02.step11_04" />
        </batch:step>
        <batch:step id="mdb0003Job.job02.step03_02">
            <batch:tasklet transaction-manager="jobTransactionManager" ref="MDB0003Tasklet42">
            </batch:tasklet>
            <batch:next on="COMPLETED" to="mdb0003Job.job02.step04_01" />
            <batch:next on="FAILED" to="mdb0003Job.job02.step11_04" />
        </batch:step>
        <batch:step id="mdb0003Job.job02.step04_01">
            <batch:tasklet transaction-manager="jobTransactionManager" ref="MDB0003Tasklet51">
            </batch:tasklet>
            <batch:next on="COMPLETED" to="mdb0003Job.job02.step04_02" />
            <batch:next on="FAILED" to="mdb0003Job.job02.step11_04" />
        </batch:step>
        <batch:step id="mdb0003Job.job02.step04_02">
            <batch:tasklet transaction-manager="jobTransactionManager" ref="MDB0003Tasklet52">
            </batch:tasklet>
            <batch:next on="COMPLETED" to="mdb0003Job.job02.step05_01" />
            <batch:next on="FAILED" to="mdb0003Job.job02.step11_04" />
        </batch:step>
        <batch:step id="mdb0003Job.job02.step05_01">
            <batch:tasklet transaction-manager="jobTransactionManager" ref="MDB0003Tasklet61">
            </batch:tasklet>
            <batch:next on="COMPLETED" to="mdb0003Job.job02.step05_02" />
            <batch:next on="FAILED" to="mdb0003Job.job02.step11_04" />
        </batch:step>
        <batch:step id="mdb0003Job.job02.step05_02">
            <batch:tasklet transaction-manager="jobTransactionManager" ref="MDB0003Tasklet62">
            </batch:tasklet>
            <batch:next on="COMPLETED" to="mdb0003Job.job02.step06_01" />
            <batch:next on="FAILED" to="mdb0003Job.job02.step11_04" />
        </batch:step>
        <batch:step id="mdb0003Job.job02.step06_01">
            <batch:tasklet transaction-manager="jobTransactionManager" ref="MDB0003Tasklet71">
            </batch:tasklet>
            <batch:next on="COMPLETED" to="mdb0003Job.job02.step06_02" />
            <batch:next on="FAILED" to="mdb0003Job.job02.step11_04" />
        </batch:step>
        <batch:step id="mdb0003Job.job02.step06_02">
            <batch:tasklet transaction-manager="jobTransactionManager" ref="MDB0003Tasklet72">
            </batch:tasklet>
            <batch:next on="COMPLETED" to="mdb0003Job.job02.step07_01" />
            <batch:next on="FAILED" to="mdb0003Job.job02.step11_04" />
        </batch:step>
        <batch:step id="mdb0003Job.job02.step07_01">
            <batch:tasklet transaction-manager="jobTransactionManager" ref="MDB0003Tasklet91">
            </batch:tasklet>
            <batch:next on="COMPLETED" to="mdb0003Job.job02.step07_02" />
            <batch:next on="FAILED" to="mdb0003Job.job02.step11_04" />
        </batch:step>
        <batch:step id="mdb0003Job.job02.step07_02">
            <batch:tasklet transaction-manager="jobTransactionManager" ref="MDB0003Tasklet92">
            </batch:tasklet>
            <batch:next on="COMPLETED" to="mdb0003Job.job02.step08_01" />
            <batch:next on="FAILED" to="mdb0003Job.job02.step11_04" />
        </batch:step>
        <batch:step id="mdb0003Job.job02.step08_01">
            <batch:tasklet transaction-manager="jobTransactionManager" ref="MDB0003Tasklet101">
            </batch:tasklet>
            <batch:next on="COMPLETED" to="mdb0003Job.job02.step08_02" />
            <batch:next on="FAILED" to="mdb0003Job.job02.step11_04" />
        </batch:step>
        <batch:step id="mdb0003Job.job02.step08_02">
            <batch:tasklet transaction-manager="jobTransactionManager" ref="MDB0003Tasklet102">
            </batch:tasklet>
            <batch:next on="COMPLETED" to="mdb0003Job.job02.step09_01" />
            <batch:next on="FAILED" to="mdb0003Job.job02.step11_04" />
        </batch:step>
        <batch:step id="mdb0003Job.job02.step09_01">
            <batch:tasklet transaction-manager="jobTransactionManager" ref="MDB0003Tasklet111">
            </batch:tasklet>
            <batch:next on="COMPLETED" to="mdb0003Job.job02.step09_02" />
            <batch:next on="FAILED" to="mdb0003Job.job02.step11_04" />
        </batch:step>
        <batch:step id="mdb0003Job.job02.step09_02">
            <batch:tasklet transaction-manager="jobTransactionManager" ref="MDB0003Tasklet112">
            </batch:tasklet>
            <batch:next on="COMPLETED" to="mdb0003Job.job02.step10_01" />
            <batch:next on="FAILED" to="mdb0003Job.job02.step11_04" />
        </batch:step>
        <batch:step id="mdb0003Job.job02.step10_01">
            <batch:tasklet transaction-manager="jobTransactionManager" ref="MDB0003Tasklet121">
            </batch:tasklet>
            <batch:next on="COMPLETED" to="mdb0003Job.job02.step10_02" />
            <batch:next on="FAILED" to="mdb0003Job.job02.step11_04" />
        </batch:step>
        <batch:step id="mdb0003Job.job02.step10_02">
            <batch:tasklet transaction-manager="jobTransactionManager" ref="MDB0003Tasklet122">
            </batch:tasklet>
            <batch:next on="COMPLETED" to="mdb0003Job.job02.step11_01" />
            <batch:next on="FAILED" to="mdb0003Job.job02.step11_04" />
        </batch:step>
        <batch:step id="mdb0003Job.job02.step11_01">
            <batch:tasklet transaction-manager="jobTransactionManager" ref="MDB0003Tasklet131">
            </batch:tasklet>
            <batch:next on="COMPLETED" to="mdb0003Job.job02.step11_02" />
            <batch:next on="FAILED" to="mdb0003Job.job02.step11_04" />
        </batch:step>
        <batch:step id="mdb0003Job.job02.step11_02">
            <batch:tasklet transaction-manager="jobTransactionManager" ref="MDB0003Tasklet132">
            </batch:tasklet>
            <batch:next on="COMPLETED" to="mdb0003Job.job02.step11_03" />
            <batch:next on="FAILED" to="mdb0003Job.job02.step11_04" />
        </batch:step>
        <batch:step id="mdb0003Job.job02.step11_03">
            <batch:tasklet transaction-manager="jobTransactionManager" ref="MDB0003Tasklet133">
            </batch:tasklet>
            <batch:next on="COMPLETED" to="mdb0003Job.job03.step01_01" />
            <batch:next on="FAILED" to="mdb0003Job.job02.step11_04" />
        </batch:step>
        <batch:step id="mdb0003Job.job02.step11_04">
            <batch:tasklet transaction-manager="jobTransactionManager" ref="MDB0003Tasklet134">
            </batch:tasklet>
        </batch:step>

        <batch:step id="mdb0003Job.job03.step01_01">
            <batch:tasklet transaction-manager="jobTransactionManager" ref="MDB0003Tasklet141">
            </batch:tasklet>
            <batch:next on="FAILED" to="mdb0003Job.job03.step01_04" />
            <batch:next on="SKIP" to="mdb0003Job.job04.step01_01" />
            <batch:next on="COMPLETED" to="mdb0003Job.job03.step01_02" />
        </batch:step>
        <batch:step id="mdb0003Job.job03.step01_02">
            <batch:tasklet transaction-manager="jobTransactionManager" ref="MDB0003Tasklet142">
            </batch:tasklet>
            <batch:next on="COMPLETED" to="mdb0003Job.job03.step01_03" />
            <batch:next on="FAILED" to="mdb0003Job.job03.step01_04" />
        </batch:step>
        <batch:step id="mdb0003Job.job03.step01_03">
            <batch:tasklet transaction-manager="jobTransactionManager" ref="MDB0003Tasklet143">
            </batch:tasklet>
            <batch:next on="COMPLETED" to="mdb0003Job.job04.step01_01" />
            <batch:next on="FAILED" to="mdb0003Job.job03.step01_04" />
        </batch:step>
        <batch:step id="mdb0003Job.job03.step01_04">
            <batch:tasklet transaction-manager="jobTransactionManager" ref="MDB0003Tasklet144">
            </batch:tasklet>
        </batch:step>

        <batch:step id="mdb0003Job.job04.step01_01">
            <batch:tasklet transaction-manager="jobTransactionManager" ref="MDB0003Tasklet151">
            </batch:tasklet>
            <batch:next on="FAILED" to="mdb0003Job.job04.step01_04" />
            <batch:next on="SKIP" to="mdb0003Job.job05.step01_01" />
            <batch:next on="COMPLETED" to="mdb0003Job.job04.step01_02" />
        </batch:step>
        <batch:step id="mdb0003Job.job04.step01_02">
            <batch:tasklet transaction-manager="jobTransactionManager" ref="MDB0003Tasklet152">
            </batch:tasklet>
            <batch:next on="COMPLETED" to="mdb0003Job.job04.step01_03" />
            <batch:next on="FAILED" to="mdb0003Job.job04.step01_04" />
        </batch:step>
        <batch:step id="mdb0003Job.job04.step01_03">
            <batch:tasklet transaction-manager="jobTransactionManager" ref="MDB0003Tasklet153">
            </batch:tasklet>
            <batch:next on="COMPLETED" to="mdb0003Job.job05.step01_01" />
            <batch:next on="FAILED" to="mdb0003Job.job04.step01_04" />
        </batch:step>
        <batch:step id="mdb0003Job.job04.step01_04">
            <batch:tasklet transaction-manager="jobTransactionManager" ref="MDB0003Tasklet154">
            </batch:tasklet>
        </batch:step>

        <batch:step id="mdb0003Job.job05.step01_01">
            <batch:tasklet transaction-manager="jobTransactionManager" ref="MDB0003Tasklet161">
            </batch:tasklet>
            <batch:next on="COMPLETED" to="mdb0003Job.job05.step01_02" />
            <batch:next on="SKIP" to="mdb0003Job.job06.step01_01" />
        </batch:step>
        <batch:step id="mdb0003Job.job05.step01_02" next="mdb0003Job.job06.step01_01">
            <batch:tasklet transaction-manager="jobTransactionManager" ref="MDB0003Tasklet162">
            </batch:tasklet>
        </batch:step>

        <batch:step id="mdb0003Job.job06.step01_01" next="mdb0003Job.job06.step01_02">
            <batch:tasklet transaction-manager="jobTransactionManager" ref="MDB0003Tasklet171">
            </batch:tasklet>
        </batch:step>
        <batch:step id="mdb0003Job.job06.step01_02" next="mdb0003Job.job06.step02_01">
            <batch:tasklet transaction-manager="jobTransactionManager" ref="MDB0003Tasklet172">
            </batch:tasklet>
        </batch:step>
        <batch:step id="mdb0003Job.job06.step02_01" next="mdb0003Job.job06.step02_02">
            <batch:tasklet transaction-manager="jobTransactionManager" ref="MDB0003Tasklet181">
            </batch:tasklet>
        </batch:step>
        <batch:step id="mdb0003Job.job06.step02_02">
            <batch:tasklet transaction-manager="jobTransactionManager" ref="MDB0003Tasklet182">
            </batch:tasklet>
        </batch:step>

        <batch:listeners>
            <batch:listener ref="jobExecutionLoggingListener" />
        </batch:listeners>
    </batch:job>

</beans>
