<?xml version="1.0" encoding="UTF-8" ?>
<!DOCTYPE mapper PUBLIC "-//mybatis.org/DTD Mapper 3.0//EN"
        "http://mybatis.org/dtd/mybatis-3-mapper.dtd">

<mapper namespace="jp.co.aeroasahi.tpkt.batch.fwb0102.FWB0102Repository">

    <insert id="create">
        INSERT INTO
            temp_sap_ma_vendor
            (
              KBN,
              SPERR,
              LIFNR,
              BUKRS,
              KTOKK,
              NAME1,
              NAME2,
              NAME3,
              NAME4,
              SORT1,
              SORT2,
              REGION,
              STREET,
              POST_CODE1,
              CITY1,
              CITY2,
              STR_SUPPL1,
              STR_SUPPL2,
              COUNTRY,
              TEL_NUMBER,
              TEL_EXTENS,
              FAX_NUMBER,
              SMTP_ADDR,
              DEFLT_COMM,
              REMARK,
              NAME1_B,
              NAME2_B,
              NAME3_B,
              NAME4_B,
              SORT1_B,
              SORT2_B,
              REGION_B,
              STREET_B,
              CITY1_B,
              CITY2_B,
              STR_SUPPL1_B,
              STR_SUPPL2_B,
              ROOMNUMBER_B,
              REMARK_B,
              NAME1_C,
              NAME2_C,
              NAME3_C,
              NAME4_C,
              SORT1_C,
              SORT2_C,
              REGION_C,
              STREET_C,
              CITY1_C,
              CITY2_C,
              STR_SUPPL1_C,
              STR_SUPPL2_C,
              ROOMNUMBER_C,
              REMARK_C,
              KUNNR,
              VBUND,
              KONZS,
              SCACD,
              GBORT,
              BANKS,
              BANKL,
              BANKN,
              KOINH,
              BKONT,
              DTAWS,
              AKONT,
              LNRZE,
              FDGRV,
              ALTKN,
              MINDK,
              PERNR,
              ZTERM,
              ZWELS,
              XVERR,
              MGRUP,
              BUSAB,
              INTAD,
              KVERM,
              QLAND,
              WITHT,
              WT_WITHCD,
              WT_SUBJCT,
              STATUS,
              MSG_TEXT,
              INS_DT,
              UPD_DT
            )
        VALUES (
            <choose>
              <when test="KBN != ''">
                #{KBN},
              </when>
              <otherwise>
                NULL,
              </otherwise>
            </choose>
            <choose>
              <when test="SPERR != ''">
                #{SPERR},
              </when>
              <otherwise>
                NULL,
              </otherwise>
            </choose>
            <choose>
              <when test="LIFNR != ''">
                #{LIFNR},
              </when>
              <otherwise>
                NULL,
              </otherwise>
            </choose>
            <choose>
              <when test="BUKRS != ''">
                #{BUKRS},
              </when>
              <otherwise>
                NULL,
              </otherwise>
            </choose>
            <choose>
              <when test="KTOKK != ''">
                #{KTOKK},
              </when>
              <otherwise>
                NULL,
              </otherwise>
            </choose>
            <choose>
              <when test="NAME1 != ''">
                #{NAME1},
              </when>
              <otherwise>
                NULL,
              </otherwise>
            </choose>
            <choose>
              <when test="NAME2 != ''">
                #{NAME2},
              </when>
              <otherwise>
                NULL,
              </otherwise>
            </choose>
            <choose>
              <when test="NAME3 != ''">
                #{NAME3},
              </when>
              <otherwise>
                NULL,
              </otherwise>
            </choose>
            <choose>
              <when test="NAME4 != ''">
                #{NAME4},
              </when>
              <otherwise>
                NULL,
              </otherwise>
            </choose>
            <choose>
              <when test="SORT1 != ''">
                #{SORT1},
              </when>
              <otherwise>
                NULL,
              </otherwise>
            </choose>
            <choose>
              <when test="SORT2 != ''">
                #{SORT2},
              </when>
              <otherwise>
                NULL,
              </otherwise>
            </choose>
            <choose>
              <when test="REGION != ''">
                #{REGION},
              </when>
              <otherwise>
                NULL,
              </otherwise>
            </choose>
            <choose>
              <when test="STREET != ''">
                #{STREET},
              </when>
              <otherwise>
                NULL,
              </otherwise>
            </choose>
            <choose>
              <when test="POST_CODE1 != ''">
                #{POST_CODE1},
              </when>
              <otherwise>
                NULL,
              </otherwise>
            </choose>
            <choose>
              <when test="CITY1 != ''">
                #{CITY1},
              </when>
              <otherwise>
                NULL,
              </otherwise>
            </choose>
            <choose>
              <when test="CITY2 != ''">
                #{CITY2},
              </when>
              <otherwise>
                NULL,
              </otherwise>
            </choose>
            <choose>
              <when test="STR_SUPPL1 != ''">
                #{STR_SUPPL1},
              </when>
              <otherwise>
                NULL,
              </otherwise>
            </choose>
            <choose>
              <when test="STR_SUPPL2 != ''">
                #{STR_SUPPL2},
              </when>
              <otherwise>
                NULL,
              </otherwise>
            </choose>
            <choose>
              <when test="COUNTRY != ''">
                #{COUNTRY},
              </when>
              <otherwise>
                NULL,
              </otherwise>
            </choose>
            <choose>
              <when test="TEL_NUMBER != ''">
                #{TEL_NUMBER},
              </when>
              <otherwise>
                NULL,
              </otherwise>
            </choose>
            <choose>
              <when test="TEL_EXTENS != ''">
                #{TEL_EXTENS},
              </when>
              <otherwise>
                NULL,
              </otherwise>
            </choose>
            <choose>
              <when test="FAX_NUMBER != ''">
                #{FAX_NUMBER},
              </when>
              <otherwise>
                NULL,
              </otherwise>
            </choose>
            <choose>
              <when test="SMTP_ADDR != ''">
                #{SMTP_ADDR},
              </when>
              <otherwise>
                NULL,
              </otherwise>
            </choose>
            <choose>
              <when test="DEFLT_COMM != ''">
                #{DEFLT_COMM},
              </when>
              <otherwise>
                NULL,
              </otherwise>
            </choose>
            <choose>
              <when test="REMARK != ''">
                #{REMARK},
              </when>
              <otherwise>
                NULL,
              </otherwise>
            </choose>
            <choose>
              <when test="NAME1_B != ''">
                #{NAME1_B},
              </when>
              <otherwise>
                NULL,
              </otherwise>
            </choose>
            <choose>
              <when test="NAME2_B != ''">
                #{NAME2_B},
              </when>
              <otherwise>
                NULL,
              </otherwise>
            </choose>
            <choose>
              <when test="NAME3_B != ''">
                #{NAME3_B},
              </when>
              <otherwise>
                NULL,
              </otherwise>
            </choose>
            <choose>
              <when test="NAME4_B != ''">
                #{NAME4_B},
              </when>
              <otherwise>
                NULL,
              </otherwise>
            </choose>
            <choose>
              <when test="SORT1_B != ''">
                #{SORT1_B},
              </when>
              <otherwise>
                NULL,
              </otherwise>
            </choose>
            <choose>
              <when test="SORT2_B != ''">
                #{SORT2_B},
              </when>
              <otherwise>
                NULL,
              </otherwise>
            </choose>
            <choose>
              <when test="REGION_B != ''">
                #{REGION_B},
              </when>
              <otherwise>
                NULL,
              </otherwise>
            </choose>
            <choose>
              <when test="STREET_B != ''">
                #{STREET_B},
              </when>
              <otherwise>
                NULL,
              </otherwise>
            </choose>
            <choose>
              <when test="CITY1_B != ''">
                #{CITY1_B},
              </when>
              <otherwise>
                NULL,
              </otherwise>
            </choose>
            <choose>
              <when test="CITY2_B != ''">
                #{CITY2_B},
              </when>
              <otherwise>
                NULL,
              </otherwise>
            </choose>
            <choose>
              <when test="STR_SUPPL1_B != ''">
                #{STR_SUPPL1_B},
              </when>
              <otherwise>
                NULL,
              </otherwise>
            </choose>
            <choose>
              <when test="STR_SUPPL2_B != ''">
                #{STR_SUPPL2_B},
              </when>
              <otherwise>
                NULL,
              </otherwise>
            </choose>
            <choose>
              <when test="ROOMNUMBER_B != ''">
                #{ROOMNUMBER_B},
              </when>
              <otherwise>
                NULL,
              </otherwise>
            </choose>
            <choose>
              <when test="REMARK_B != ''">
                #{REMARK_B},
              </when>
              <otherwise>
                NULL,
              </otherwise>
            </choose>
            <choose>
              <when test="NAME1_C != ''">
                #{NAME1_C},
              </when>
              <otherwise>
                NULL,
              </otherwise>
            </choose>
            <choose>
              <when test="NAME2_C != ''">
                #{NAME2_C},
              </when>
              <otherwise>
                NULL,
              </otherwise>
            </choose>
            <choose>
              <when test="NAME3_C != ''">
                #{NAME3_C},
              </when>
              <otherwise>
                NULL,
              </otherwise>
            </choose>
            <choose>
              <when test="NAME4_C != ''">
                #{NAME4_C},
              </when>
              <otherwise>
                NULL,
              </otherwise>
            </choose>
            <choose>
              <when test="SORT1_C != ''">
                #{SORT1_C},
              </when>
              <otherwise>
                NULL,
              </otherwise>
            </choose>
            <choose>
              <when test="SORT2_C != ''">
                #{SORT2_C},
              </when>
              <otherwise>
                NULL,
              </otherwise>
            </choose>
            <choose>
              <when test="REGION_C != ''">
                #{REGION_C},
              </when>
              <otherwise>
                NULL,
              </otherwise>
            </choose>
            <choose>
              <when test="STREET_C != ''">
                #{STREET_C},
              </when>
              <otherwise>
                NULL,
              </otherwise>
            </choose>
            <choose>
              <when test="CITY1_C != ''">
                #{CITY1_C},
              </when>
              <otherwise>
                NULL,
              </otherwise>
            </choose>
            <choose>
              <when test="CITY2_C != ''">
                #{CITY2_C},
              </when>
              <otherwise>
                NULL,
              </otherwise>
            </choose>
            <choose>
              <when test="STR_SUPPL1_C != ''">
                #{STR_SUPPL1_C},
              </when>
              <otherwise>
                NULL,
              </otherwise>
            </choose>
            <choose>
              <when test="STR_SUPPL2_C != ''">
                #{STR_SUPPL2_C},
              </when>
              <otherwise>
                NULL,
              </otherwise>
            </choose>
            <choose>
              <when test="ROOMNUMBER_C != ''">
                #{ROOMNUMBER_C},
              </when>
              <otherwise>
                NULL,
              </otherwise>
            </choose>
            <choose>
              <when test="REMARK_C != ''">
                #{REMARK_C},
              </when>
              <otherwise>
                NULL,
              </otherwise>
            </choose>
            <choose>
              <when test="KUNNR != ''">
                #{KUNNR},
              </when>
              <otherwise>
                NULL,
              </otherwise>
            </choose>
            <choose>
              <when test="VBUND != ''">
                #{VBUND},
              </when>
              <otherwise>
                NULL,
              </otherwise>
            </choose>
            <choose>
              <when test="KONZS != ''">
                #{KONZS},
              </when>
              <otherwise>
                NULL,
              </otherwise>
            </choose>
            <choose>
              <when test="SCACD != ''">
                #{SCACD},
              </when>
              <otherwise>
                NULL,
              </otherwise>
            </choose>
            <choose>
              <when test="GBORT != ''">
                #{GBORT},
              </when>
              <otherwise>
                NULL,
              </otherwise>
            </choose>
            <choose>
              <when test="BANKS != ''">
                #{BANKS},
              </when>
              <otherwise>
                NULL,
              </otherwise>
            </choose>
            <choose>
              <when test="BANKL != ''">
                #{BANKL},
              </when>
              <otherwise>
                NULL,
              </otherwise>
            </choose>
            <choose>
              <when test="BANKN != ''">
                #{BANKN},
              </when>
              <otherwise>
                NULL,
              </otherwise>
            </choose>
            <choose>
              <when test="KOINH != ''">
                #{KOINH},
              </when>
              <otherwise>
                NULL,
              </otherwise>
            </choose>
            <choose>
              <when test="BKONT != ''">
                #{BKONT},
              </when>
              <otherwise>
                NULL,
              </otherwise>
            </choose>
            <choose>
              <when test="DTAWS != ''">
                #{DTAWS},
              </when>
              <otherwise>
                NULL,
              </otherwise>
            </choose>
            <choose>
              <when test="AKONT != ''">
                #{AKONT},
              </when>
              <otherwise>
                NULL,
              </otherwise>
            </choose>
            <choose>
              <when test="LNRZE != ''">
                #{LNRZE},
              </when>
              <otherwise>
                NULL,
              </otherwise>
            </choose>
            <choose>
              <when test="FDGRV != ''">
                #{FDGRV},
              </when>
              <otherwise>
                NULL,
              </otherwise>
            </choose>
            <choose>
              <when test="ALTKN != ''">
                #{ALTKN},
              </when>
              <otherwise>
                NULL,
              </otherwise>
            </choose>
            <choose>
              <when test="MINDK != ''">
                #{MINDK},
              </when>
              <otherwise>
                NULL,
              </otherwise>
            </choose>
            <choose>
              <when test="PERNR != ''">
                #{PERNR},
              </when>
              <otherwise>
                NULL,
              </otherwise>
            </choose>
            <choose>
              <when test="ZTERM != ''">
                #{ZTERM},
              </when>
              <otherwise>
                NULL,
              </otherwise>
            </choose>
            <choose>
              <when test="ZWELS != ''">
                #{ZWELS},
              </when>
              <otherwise>
                NULL,
              </otherwise>
            </choose>
            <choose>
              <when test="XVERR != ''">
                #{XVERR},
              </when>
              <otherwise>
                NULL,
              </otherwise>
            </choose>
            <choose>
              <when test="MGRUP != ''">
                #{MGRUP},
              </when>
              <otherwise>
                NULL,
              </otherwise>
            </choose>
            <choose>
              <when test="BUSAB != ''">
                #{BUSAB},
              </when>
              <otherwise>
                NULL,
              </otherwise>
            </choose>
            <choose>
              <when test="INTAD != ''">
                #{INTAD},
              </when>
              <otherwise>
                NULL,
              </otherwise>
            </choose>
            <choose>
              <when test="KVERM != ''">
                #{KVERM},
              </when>
              <otherwise>
                NULL,
              </otherwise>
            </choose>
            <choose>
              <when test="QLAND != ''">
                #{QLAND},
              </when>
              <otherwise>
                NULL,
              </otherwise>
            </choose>
            <choose>
              <when test="WITHT != ''">
                #{WITHT},
              </when>
              <otherwise>
                NULL,
              </otherwise>
            </choose>
            <choose>
              <when test="WT_WITHCD != ''">
                #{WT_WITHCD},
              </when>
              <otherwise>
                NULL,
              </otherwise>
            </choose>
            <choose>
              <when test="WT_SUBJCT != ''">
                #{WT_SUBJCT},
              </when>
              <otherwise>
                NULL,
              </otherwise>
            </choose>
            <choose>
              <when test="STATUS != ''">
                #{STATUS},
              </when>
              <otherwise>
                NULL,
              </otherwise>
            </choose>
            <choose>
              <when test="MSG_TEXT != ''">
                #{MSG_TEXT},
              </when>
              <otherwise>
                NULL,
              </otherwise>
            </choose>
            <choose>
              <when test="INS_DT != ''">
                #{INS_DT},
              </when>
              <otherwise>
                NULL,
              </otherwise>
            </choose>
            <choose>
              <when test="UPD_DT != ''">
                #{UPD_DT}
              </when>
              <otherwise>
                NULL
              </otherwise>
            </choose>
        )
    </insert>

    <delete id="delete">
        DELETE
        FROM
            temp_sap_ma_vendor
        WHERE
            LIFNR = #{LIFNR}

    </delete>
</mapper>
