<?xml version="1.0" encoding="UTF-8" ?>
<!DOCTYPE mapper PUBLIC "-//mybatis.org/DTD Mapper 3.0//EN"
        "http://mybatis.org/dtd/mybatis-3-mapper.dtd">

<mapper namespace="jp.co.aeroasahi.tpkt.batch.fwb0108.FWB0108Repository">

    <delete id="delete">
        <![CDATA[
        DELETE
        FROM
            temp_sap_receive_order
            WHERE
                VBELN = #{VBELN}
            AND
                POSNR = #{POSNR}
        ]]>
    </delete>

    <insert id="create">
        INSERT INTO
            temp_sap_receive_order
            (
              VBELN,
              KUNNR,
              PS_PSP_PNR,
              AUDAT,
              POSNR,
              NETWR,
              FKDAT,
              ZSEKISANA3,
              ZKOJIN,
              ZKOUFLAG,
              ZSEKISANR3,
              INS_DT,
              UPD_DT
            )
        VALUES
         (
            <choose>
              <when test="VBELN != ''">
                #{VBELN},
              </when>
              <otherwise>
                NULL,
              </otherwise>
            </choose>
            <choose>
              <when test="KUNNR != ''">
                #{KUNNR},
              </when>
              <otherwise>
                NULL,
              </otherwise>
            </choose>
            <choose>
              <when test="PS_PSP_PNR != ''">
                #{PS_PSP_PNR},
              </when>
              <otherwise>
                NULL,
              </otherwise>
            </choose>
            <choose>
              <when test="AUDAT != ''">
                #{AUDAT},
              </when>
              <otherwise>
                CONVERT(date, NULL),
              </otherwise>
            </choose>
            <choose>
              <when test="POSNR != ''">
                #{POSNR},
              </when>
              <otherwise>
                NULL,
              </otherwise>
            </choose>
            <choose>
              <when test="NETWR != null">
                #{NETWR},
              </when>
              <otherwise>
                NULL,
              </otherwise>
            </choose>
            <choose>
              <when test="FKDAT != ''">
                #{FKDAT},
              </when>
              <otherwise>
                CONVERT(date, NULL),
              </otherwise>
            </choose>
            <choose>
              <when test="ZSEKISANA3 != null">
                #{ZSEKISANA3},
              </when>
              <otherwise>
                NULL,
              </otherwise>
            </choose>
            <choose>
              <when test="ZKOJIN != ''">
                #{ZKOJIN},
              </when>
              <otherwise>
                NULL,
              </otherwise>
            </choose>
            <choose>
              <when test="ZKOUFLAG != ''">
                #{ZKOUFLAG},
              </when>
              <otherwise>
                NULL,
              </otherwise>
            </choose>
            <choose>
              <when test="ZSEKISANR3 != null">
                #{ZSEKISANR3},
              </when>
              <otherwise>
                NULL,
              </otherwise>
            </choose>
            #{INS_DT},
            #{UPD_DT}
        )
    </insert>

</mapper>
