<?xml version="1.0" encoding="UTF-8"?>
<beans xmlns="http://www.springframework.org/schema/beans"
       xmlns:xsi="http://www.w3.org/2001/XMLSchema-instance"
       xmlns:context="http://www.springframework.org/schema/context"
       xmlns:batch="http://www.springframework.org/schema/batch"
       xmlns:p="http://www.springframework.org/schema/p"
       xmlns:mybatis="http://mybatis.org/schema/mybatis-spring"
       xsi:schemaLocation="http://www.springframework.org/schema/beans http://www.springframework.org/schema/beans/spring-beans.xsd
             http://www.springframework.org/schema/context http://www.springframework.org/schema/context/spring-context.xsd
             http://www.springframework.org/schema/batch http://www.springframework.org/schema/batch/spring-batch.xsd
             http://mybatis.org/schema/mybatis-spring http://mybatis.org/schema/mybatis-spring.xsd">

    <import resource="classpath:META-INF/spring/job-base-context.xml"/>

    <context:component-scan base-package="jp.co.aeroasahi.tpkt.batch.cm.mail.fbfw001" />
    <mybatis:scan base-package="jp.co.aeroasahi.tpkt.common.repository" factory-ref="jobSqlSessionFactory" />


	<batch:job id="fbfw001Job" job-repository="jobRepository">
        <batch:step id="fbfw001Job.step01">
            <batch:tasklet transaction-manager="jobTransactionManager" ref="FBFW001Tasklet"/>
        </batch:step>
        <batch:listeners>
            <batch:listener ref="jobExecutionLoggingListener" />
        </batch:listeners>
    </batch:job>

</beans>
