<?xml version="1.0" encoding="UTF-8"?>
<beans xmlns="http://www.springframework.org/schema/beans" xmlns:xsi="http://www.w3.org/2001/XMLSchema-instance"
    xmlns:context="http://www.springframework.org/schema/context"
    xmlns:batch="http://www.springframework.org/schema/batch" xmlns:p="http://www.springframework.org/schema/p"
    xmlns:mybatis="http://mybatis.org/schema/mybatis-spring"
    xsi:schemaLocation="http://www.springframework.org/schema/beans http://www.springframework.org/schema/beans/spring-beans.xsd
             http://www.springframework.org/schema/context http://www.springframework.org/schema/context/spring-context.xsd
             http://www.springframework.org/schema/batch http://www.springframework.org/schema/batch/spring-batch.xsd
             http://mybatis.org/schema/mybatis-spring http://mybatis.org/schema/mybatis-spring.xsd">

    <import resource="classpath:META-INF/spring/job-base-context.xml" />

    <context:component-scan base-package="jp.co.aeroasahi.tpkt.batch.fwb0111" />

    <mybatis:scan base-package="jp.co.aeroasahi.tpkt.batch.fwb0111" factory-ref="jobSqlSessionFactory" />

    <bean id="reader" class="org.springframework.batch.item.file.FlatFileItemReader" scope="step"
        p:resource="file:#{jobParameters['inputFile']}" p:encoding="MS932" p:strict="true">
        <property name="lineMapper">
            <bean class="org.springframework.batch.item.file.mapping.DefaultLineMapper">
                <property name="lineTokenizer">
                    <bean class="org.springframework.batch.item.file.transform.DelimitedLineTokenizer"
                        p:delimiter="&#09;" p:quoteCharacter='"'
                        p:names="KBN,SPERR,LIFNR,BUKRS,KTOKK,NAME1,NAME2,NAME3,NAME4,SORT1,SORT2,REGION,STREET,POST_CODE1,CITY1,CITY2,STR_SUPPL1,STR_SUPPL2,COUNTRY,TEL_NUMBER,TEL_EXTENS,FAX_NUMBER,SMTP_ADDR,DEFLT_COMM,REMARK,NAME1_B,NAME2_B,NAME3_B,NAME4_B,SORT1_B,SORT2_B,REGION_B,STREET_B,CITY1_B,CITY2_B,STR_SUPPL1_B,STR_SUPPL2_B,ROOMNUMBER_B,REMARK_B,NAME1_C,NAME2_C,NAME3_C,NAME4_C,SORT1_C,SORT2_C,REGION_C,STREET_C,CITY1_C,CITY2_C,STR_SUPPL1_C,STR_SUPPL2_C,ROOMNUMBER_C,REMARK_C,KUNNR,VBUND,KONZS,SCACD,GBORT,BANKS,BANKL,BANKN,KOINH,BKONT,DTAWS,AKONT,LNRZE,FDGRV,ALTKN,MINDK,PERNR,ZTERM,ZWELS,XVERR,MGRUP,BUSAB,INTAD,KVERM,QLAND,WITHT,WT_WITHCD,WT_SUBJCT,STATUS,MSG_TEXT" />
                </property>
                <property name="fieldSetMapper">
                    <bean class="org.springframework.batch.item.file.mapping.BeanWrapperFieldSetMapper"
                        p:targetType="jp.co.aeroasahi.tpkt.batch.fwb0111.FWB0111Input" />
                </property>
            </bean>
        </property>
    </bean>

    <batch:job id="fwb0111Job" job-repository="jobRepository">
        <batch:step id="fwb0111Job.step01">
            <batch:tasklet transaction-manager="jobTransactionManager" ref="FWB0111Tasklet" />
        </batch:step>
        <batch:listeners>
            <batch:listener ref="jobExecutionLoggingListener" />
        </batch:listeners>
    </batch:job>

</beans>
