<?xml version="1.0" encoding="UTF-8" ?>
<!DOCTYPE mapper PUBLIC "-//mybatis.org/DTD Mapper 3.0//EN"
        "http://mybatis.org/dtd/mybatis-3-mapper.dtd">

<mapper namespace="jp.co.aeroasahi.tpkt.batch.fwb0103.FWB0103Repository">

    <insert id="create">
        INSERT INTO
            temp_sap_project_attribute
            (
              ZPSPID,
              ZPSPNAME,
              ZEIGYOSHUKANBUMON,
              ZEIGYOTANTO,
              ZSEISANSHUKANBUMON,
              ZPRODUCER,
              ZBUKKENTANTO,
              ZBUKKENTANTOBUMON,
              ZTOKUISAKI,
              ZBUNYACD,
              ZGYOUMUCD,
              STAT,
              DATEFLG,
              ZLEASEFLAG,
              ZKEIYAKUMEI,
              ZMEIGIKAISHA,
              ZKEYAKUKOKIB,
              ZKEYAKUKOKIE,
              INS_DT,
              UPD_DT
            )
        VALUES (
            <choose>
              <when test="ZPSPID != ''">
                #{ZPSPID},
              </when>
              <otherwise>
                NULL,
              </otherwise>
            </choose>
            <choose>
              <when test="ZPSPNAME != ''">
                #{ZPSPNAME},
              </when>
              <otherwise>
                NULL,
              </otherwise>
            </choose>
            <choose>
              <when test="ZEIGYOSHUKANBUMON != ''">
                #{ZEIGYOSHUKANBUMON},
              </when>
              <otherwise>
                NULL,
              </otherwise>
            </choose>
            <choose>
              <when test="ZEIGYOTANTO != ''">
                #{ZEIGYOTANTO},
              </when>
              <otherwise>
                NULL,
              </otherwise>
            </choose>
            <choose>
              <when test="ZSEISANSHUKANBUMON != ''">
                #{ZSEISANSHUKANBUMON},
              </when>
              <otherwise>
                NULL,
              </otherwise>
            </choose>
            <choose>
              <when test="ZPRODUCER != ''">
                #{ZPRODUCER},
              </when>
              <otherwise>
                NULL,
              </otherwise>
            </choose>
            <choose>
              <when test="ZBUKKENTANTO != ''">
                #{ZBUKKENTANTO},
              </when>
              <otherwise>
                NULL,
              </otherwise>
            </choose>
            <choose>
              <when test="ZBUKKENTANTOBUMON != ''">
                #{ZBUKKENTANTOBUMON},
              </when>
              <otherwise>
                NULL,
              </otherwise>
            </choose>
            <choose>
              <when test="ZTOKUISAKI != ''">
                #{ZTOKUISAKI},
              </when>
              <otherwise>
                NULL,
              </otherwise>
            </choose>
            <choose>
              <when test="ZBUNYACD != ''">
                #{ZBUNYACD},
              </when>
              <otherwise>
                NULL,
              </otherwise>
            </choose>
            <choose>
              <when test="ZGYOUMUCD != ''">
                #{ZGYOUMUCD},
              </when>
              <otherwise>
                NULL,
              </otherwise>
            </choose>
            <choose>
              <when test="STAT != ''">
                #{STAT},
              </when>
              <otherwise>
                NULL,
              </otherwise>
            </choose>
            <choose>
              <when test="DATEFLG != ''">
                #{DATEFLG},
              </when>
              <otherwise>
                NULL,
              </otherwise>
            </choose>
            <choose>
              <when test="ZLEASEFLAG != ''">
                #{ZLEASEFLAG},
              </when>
              <otherwise>
                NULL,
              </otherwise>
            </choose>
            <choose>
              <when test="ZKEIYAKUMEI != ''">
                #{ZKEIYAKUMEI},
              </when>
              <otherwise>
                NULL,
              </otherwise>
            </choose>
            <choose>
              <when test="ZMEIGIKAISHA != ''">
                #{ZMEIGIKAISHA},
              </when>
              <otherwise>
                NULL,
              </otherwise>
            </choose>
            <choose>
              <when test="ZKEYAKUKOKIB != ''">
                #{ZKEYAKUKOKIB},
              </when>
              <otherwise>
                CONVERT(date, NULL),
              </otherwise>
            </choose>
            <choose>
              <when test="ZKEYAKUKOKIE != ''">
                #{ZKEYAKUKOKIE},
              </when>
              <otherwise>
                CONVERT(date, NULL),
              </otherwise>
            </choose>
            <choose>
              <when test="INS_DT != ''">
                #{INS_DT},
              </when>
              <otherwise>
                NULL,
              </otherwise>
            </choose>
            <choose>
              <when test="UPD_DT != ''">
                #{UPD_DT}
              </when>
              <otherwise>
                NULL
              </otherwise>
            </choose>
        )
    </insert>

    <delete id="delete">
       <![CDATA[
        DELETE
        FROM
            temp_sap_project_attribute
        WHERE
            ZPSPID = #{ZPSPID}

        ]]>
    </delete>
</mapper>
