<?xml version="1.0" encoding="UTF-8" ?>
<!DOCTYPE mapper PUBLIC "-//mybatis.org/DTD Mapper 3.0//EN"
        "http://mybatis.org/dtd/mybatis-3-mapper.dtd">

<mapper namespace="jp.co.aeroasahi.tpkt.batch.mdb0005.MDB0005Repository">

    <insert id="create">
        INSERT INTO
            BATCH_JOB_REQUEST
            (
              JOB_NAME,
              JOB_PARAMETER,
              PRIORITY,
              POLLING_STATUS,
              CREATE_DATE
            )
        VALUES (
            #{jobName},
            #{jobParameter},
            #{priority},
            #{pollingStatus},
            GETDATE()
        )
    </insert>

    <select id="findByTopNum" resultType="jp.co.aeroasahi.tpkt.batch.mdb0005.BatchJobRequestOutput" flushCache="true" useCache="false">
        SELECT TOP(#{number})
            BJR.JOB_EXECUTION_ID AS jobExecutionId,
            BJR.POLLING_STATUS AS pollingStatus
        FROM
            BATCH_JOB_REQUEST BJR
        WHERE BJR.JOB_PARAMETER LIKE #{systemDateTime} ESCAPE '~'
        ORDER BY BJR.JOB_EXECUTION_ID DESC
    </select>

    <select id="findByExecutionIds" resultType="jp.co.aeroasahi.tpkt.batch.mdb0005.BatchJobExecutionOutput" parameterType="List" flushCache="true" useCache="false">
        SELECT BJE.JOB_EXECUTION_ID AS jobExecutionId,
            BJE.STATUS AS status,
            BJE.EXIT_CODE AS exitCode
        FROM BATCH_JOB_EXECUTION BJE
        WHERE BJE.JOB_EXECUTION_ID IN
        <foreach item="executionId" collection="executionIds"
                open="(" separator="," close=")">
                #{executionId}
        </foreach>
    </select>

</mapper>
