<?xml version="1.0" encoding="UTF-8" ?>
<!DOCTYPE mapper PUBLIC "-//mybatis.org/DTD Mapper 3.0//EN"
        "http://mybatis.org/dtd/mybatis-3-mapper.dtd">

<mapper namespace="jp.co.aeroasahi.tpkt.batch.mdb0002.MDB0002Repository">

    <insert id="create">
        INSERT INTO
            BATCH_JOB_REQUEST
            (
              JOB_NAME,
              JOB_PARAMETER,
              PRIORITY,
              POLLING_STATUS,
              CREATE_DATE
            )
        VALUES (
            #{jobName},
            #{jobParameter},
            #{priority},
            #{pollingStatus},
            #{jobStartDateTimeStr}
        )
    </insert>

    <select id="countAllNotExecuted" resultType="_int" flushCache="true" useCache="false">
        SELECT
            count(JOB_SEQ_ID)
        FROM
            BATCH_JOB_REQUEST
        WHERE
            JOB_NAME IN
            <foreach collection="jobNames" item="jobName" open="(" separator="," close=")" >
                #{jobName}
            </foreach>
        <!-- 作製日時がメインジョブの開始時間であり、ジョブが終了していないものを取得する -->
        AND POLLING_STATUS != 'EXECUTED'
        AND CREATE_DATE = #{jobStartDateTimeStr}
    </select>

    <select id="countAllNotCompleted" resultType="_int" flushCache="true" useCache="false">
        SELECT
            count(BJR.JOB_SEQ_ID)
        FROM
            BATCH_JOB_REQUEST BJR
        LEFT JOIN
            BATCH_JOB_EXECUTION BJE
        ON
            BJR.JOB_EXECUTION_ID = BJE.JOB_EXECUTION_ID
        WHERE
            JOB_NAME IN
            <foreach collection="jobNames" item="jobName" open="(" separator="," close=")" >
                #{jobName}
            </foreach>
        <!-- 作製日時がメインジョブの開始時間であり、ジョブが完了していないものを取得する -->
        AND STATUS != 'COMPLETED'
        AND BJR.CREATE_DATE = #{jobStartDateTimeStr}
    </select>

    <select id="findByTopNum" resultType="jp.co.aeroasahi.tpkt.batch.mdb0002.BatchJobRequestOutput" flushCache="true" useCache="false">
        SELECT TOP(#{number})
            BJR.JOB_EXECUTION_ID AS jobExecutionId,
            BJR.POLLING_STATUS AS pollingStatus
        FROM
            BATCH_JOB_REQUEST BJR
        WHERE BJR.JOB_PARAMETER LIKE #{systemDateTime} ESCAPE '~'
        ORDER BY BJR.JOB_EXECUTION_ID DESC
    </select>

    <select id="findByExecutionIds" resultType="jp.co.aeroasahi.tpkt.batch.mdb0002.BatchJobExecutionOutput" parameterType="List" flushCache="true" useCache="false">
        SELECT BJE.JOB_EXECUTION_ID AS jobExecutionId,
            BJE.STATUS AS status,
            BJE.EXIT_CODE AS exitCode
        FROM BATCH_JOB_EXECUTION BJE
        WHERE BJE.JOB_EXECUTION_ID IN
        <foreach item="executionId" collection="executionIds"
                open="(" separator="," close=")">
                #{executionId}
        </foreach>
    </select>

    <select id="findByJobNames" resultType="jp.co.aeroasahi.tpkt.batch.mdb0002.BatchJobRequestOutput" parameterType="List" flushCache="true" useCache="false">
        SELECT
            BJR.JOB_NAME AS JobName
        FROM
            BATCH_JOB_REQUEST BJR,
            BATCH_JOB_EXECUTION BJE
        WHERE
            BJR.JOB_EXECUTION_ID = BJE.JOB_EXECUTION_ID
        AND BJR.POLLING_STATUS = 'EXECUTED'
        AND BJE.STATUS = 'COMPLETED'
        AND BJE.EXIT_CODE = 'COMPLETED'
        AND BJR.JOB_EXECUTION_ID IN
        <foreach item="executionId" collection="executionIds"
                open="(" separator="," close=")">
                #{executionId}
        </foreach>
    </select>

</mapper>
