<?xml version="1.0" encoding="UTF-8" ?>
<!DOCTYPE mapper PUBLIC "-//mybatis.org/DTD Mapper 3.0//EN"
        "http://mybatis.org/dtd/mybatis-3-mapper.dtd">

<mapper namespace="jp.co.aeroasahi.tpkt.batch.mdb0013.MDB0013Repository">

    <insert id="create">
        INSERT INTO
            BATCH_JOB_REQUEST
            (
              JOB_NAME,
              JOB_PARAMETER,
              PRIORITY,
              POLLING_STATUS,
              CREATE_DATE
            )
        VALUES (
            #{jobName},
            #{jobParameter},
            #{priority},
            #{pollingStatus},
            #{createDate}
        )
    </insert>

   <select id="countNotExecuted" resultType="_int" flushCache="true" useCache="false">
        SELECT
            count(JOB_SEQ_ID)
        FROM
            BATCH_JOB_REQUEST BJR
        WHERE
          BJR.CREATE_DATE = CONVERT(datetime ,#{targetDateTimeStr})
        AND BJR.POLLING_STATUS != 'EXECUTED'
        AND BJR.JOB_NAME = #{jobName}
    </select>

    <select id="countAllNotExecuted" resultType="_int" flushCache="true" useCache="false">
        SELECT
            count(JOB_SEQ_ID)
        FROM
            BATCH_JOB_REQUEST BJR
        WHERE
          BJR.CREATE_DATE = CONVERT(datetime ,#{targetDateTimeStr})
        AND BJR.POLLING_STATUS != 'EXECUTED'
        AND BJR.JOB_NAME IN
            <foreach collection="jobNames" item="jobName" open="(" separator="," close=")" >
                #{jobName}
            </foreach>
    </select>

    <select id="countNotCompleted" resultType="_int" flushCache="true" useCache="false">
        SELECT
            count(BJR.JOB_SEQ_ID)
        FROM
            BATCH_JOB_REQUEST BJR
        LEFT JOIN
            BATCH_JOB_EXECUTION BJE
        ON
            BJR.JOB_EXECUTION_ID = BJE.JOB_EXECUTION_ID
        WHERE
            JOB_NAME = #{jobName}
        <!-- 作製日時がジョブの開始時間であり、ジョブが完了していないものを取得する -->
        AND STATUS != 'COMPLETED'
        AND BJR.CREATE_DATE = #{jobStartDateTimeStr}
    </select>

    <select id="countNotAllCompleted" resultType="_int" flushCache="true" useCache="false">
        SELECT
            count(BJR.JOB_SEQ_ID)
        FROM
            BATCH_JOB_REQUEST BJR
        LEFT JOIN
            BATCH_JOB_EXECUTION BJE
        ON
            BJR.JOB_EXECUTION_ID = BJE.JOB_EXECUTION_ID
        WHERE
            JOB_NAME IN
            <foreach collection="jobNames" item="jobName" open="(" separator="," close=")" >
                #{jobName}
            </foreach>
        <!-- 作製日時がジョブの開始時間であり、ジョブが完了していないものを取得する -->
        AND STATUS != 'COMPLETED'
        AND BJR.CREATE_DATE = #{jobStartDateTimeStr}
    </select>
</mapper>
