<?xml version="1.0" encoding="UTF-8" ?>
<!DOCTYPE mapper PUBLIC "-//mybatis.org/DTD Mapper 3.0//EN"
        "http://mybatis.org/dtd/mybatis-3-mapper.dtd">

<mapper namespace="jp.co.aeroasahi.tpkt.batch.mdb0401.MDB0401Repository">

    <select id="findAll" resultType="jp.co.aeroasahi.tpkt.batch.mdb0401.MDB0401Input">
        SELECT
            SUBSTRING(EBI.pj_id, 3, 8) AS pjAttAd,
            EBI.pj_id AS pjId,
            CONVERT(varchar(6), EBI.ordered_on, 112) AS ym,
            1 AS resultPlanedKbn,
            '03' AS himokuCd,
            KI.kotei_cd AS koteiCd,
            '1' AS distResourceCd,
            SUM(KI.ordering_amount) AS price

        FROM
            oj_entrust_branch_info AS EBI

        INNER JOIN
            oj_kotei_info AS KI
        ON
            EBI.apply_num = KI.apply_num
        AND EBI.pj_id = KI.pj_id
        AND EBI.entrust_branch_num = KI.entrust_branch_num

        INNER JOIN
            oj_base_info AS BI
        ON
            KI.apply_num = BI.apply_num
        AND KI.pj_id = BI.pj_id
        AND (BI.change_add_kbn IS NULL OR BI.change_add_kbn != 1)

        WHERE
            BI.apply_type = '1'
        AND EBI.ordered_on IS NOT NULL
        AND EBI.order_num IS NOT NULL
        AND ISNULL(KI.ordering_amount, 0) != 0
        AND BI.apply_status != '99'
        AND (CONVERT(varchar(6), EBI.ordered_on, 112) = #{ym2}
          OR CONVERT(varchar(6), EBI.ordered_on, 112) = #{ym1}
        )
        GROUP BY
            EBI.pj_id, CONVERT(varchar(6), EBI.ordered_on, 112), KI.kotei_cd

        UNION

        SELECT
            SUBSTRING(EBI.pj_id, 3, 8) AS pjAttAd,
            EBI.pj_id AS pjId,
            CONVERT(varchar(6), EBI.ordered_on, 112) AS ym,
            1 AS resultPlanedKbn,
            '32' AS himokuCd,
            KI.kotei_cd AS koteiCd,
            '2' AS distResourceCd,
            SUM(KI.ordering_amount) AS price

        FROM
            oj_entrust_branch_info AS EBI

        INNER JOIN
            oj_kotei_info AS KI
        ON
            EBI.apply_num = KI.apply_num
        AND EBI.pj_id = KI.pj_id
        AND EBI.entrust_branch_num = KI.entrust_branch_num

        INNER JOIN
            oj_base_info AS BI
        ON
            KI.apply_num = BI.apply_num
        AND KI.pj_id = BI.pj_id
        AND (BI.change_add_kbn IS NULL OR BI.change_add_kbn != 1)

        WHERE
            BI.apply_type IN ('2','3','4','5')
        AND EBI.ordered_on IS NOT NULL
        AND EBI.order_num IS NOT NULL
        AND ISNULL(KI.ordering_amount, 0) != 0
        AND BI.apply_status != '99'
        AND (CONVERT(varchar(6), EBI.ordered_on, 112) = #{ym2}
          OR CONVERT(varchar(6), EBI.ordered_on, 112) = #{ym1}
        )
        GROUP BY
            EBI.pj_id, CONVERT(varchar(6), EBI.ordered_on, 112), KI.kotei_cd

        UNION

        SELECT
            SUBSTRING(EBI.pj_id, 3, 8) AS pjAttAd,
            EBI.pj_id AS pjId,
            CONVERT(varchar(6), EBI.ordered_on, 112) AS ym,
            1 AS resultPlanedKbn,
            '39' AS himokuCd,
            KI.kotei_cd AS koteiCd,
            '1' AS distResourceCd,
            SUM(KI.ordering_amount) AS price

        FROM
            oj_entrust_branch_info AS EBI

        INNER JOIN
            oj_kotei_info AS KI
        ON
            EBI.apply_num = KI.apply_num
        AND EBI.pj_id = KI.pj_id
        AND EBI.entrust_branch_num = KI.entrust_branch_num

        INNER JOIN
            oj_base_info AS BI
        ON
            KI.apply_num = BI.apply_num
        AND KI.pj_id = BI.pj_id
        AND (BI.change_add_kbn IS NULL OR BI.change_add_kbn != 1)

        WHERE
            BI.apply_type = '6'
        AND EBI.ordered_on IS NOT NULL
        AND EBI.order_num IS NOT NULL
        AND ISNULL(KI.ordering_amount, 0) != 0
        AND BI.apply_status != '99'
        AND (CONVERT(varchar(6), EBI.ordered_on, 112) = #{ym2}
          OR CONVERT(varchar(6), EBI.ordered_on, 112) = #{ym1}
        )
        GROUP BY
            EBI.pj_id, CONVERT(varchar(6), EBI.ordered_on, 112), KI.kotei_cd

    </select>

    <insert id="create">
        INSERT INTO
            temp_md_cost
            (
                pj_att_id,
                pj_id,
                ym,
                himoku_cd,
                result_planed_kbn,
                kotei_cd,
                dist_resource_cd,
                price,
                created_at,
                updated_at
            )
        VALUES
            (
                #{pjAttAd},
                #{pjId},
                #{ym},
                #{himokuCd},
                #{resultPlanedKbn},
                #{koteiCd},
                #{distResourceCd},
                <choose>
                  <when test="price != null">
                    #{price},
                  </when>
                  <otherwise>
                    NULL,
                  </otherwise>
                </choose>
                #{createdAt},
                #{updatedAt}
            )
    </insert>

    <delete id="delete">
        DELETE
        FROM
            temp_md_cost
        WHERE
            (ym = #{ym1}
             OR
             ym = #{ym2}
            )
        AND result_planed_kbn = '1'
        AND himoku_cd IN ('03', '32', '39')
    </delete>

</mapper>

