<?xml version="1.0" encoding="UTF-8" ?>
<!DOCTYPE mapper PUBLIC "-//mybatis.org/DTD Mapper 3.0//EN"
        "http://mybatis.org/dtd/mybatis-3-mapper.dtd">
<mapper
    namespace="jp.co.aeroasahi.tpkt.batch.oj.ojb0301.OJB0301Repository">
    <sql id="sapDetailCondition">
    AND
        SAD.hkont IN ('63310001', '63310002', '63310021')
    AND
        SAD.ebeln IS NOT NULL
    AND
        SAD.ablad IS NOT NULL
    AND
        SAD.dmbtr IS NOT NULL
    AND
        SAD.wempf IS NOT NULL
    <if test = 'kbn== "D"'>
    AND
        (
            CONVERT(varchar(6), SAD.budat, 112) = CONVERT(varchar(6), #{today}, 112)
        OR
            CONVERT(varchar(6), SAD.budat, 112) = CONVERT(varchar(6), DATEADD(MONTH, -1, #{today}), 112)
        OR
            CONVERT(varchar(6), SAD.zfbdt, 112) = CONVERT(varchar(6), #{today}, 112)
        OR
            CONVERT(varchar(6), SAD.zfbdt, 112) = CONVERT(varchar(6), DATEADD(MONTH, -1, #{today}), 112)
        )
    </if>
    <if test = 'kbn== "M"'>
    AND
        (
            CONVERT(varchar(6), SAD.budat, 112) = CONVERT(varchar(6), #{today}, 112)
        OR
            CONVERT(varchar(6), DATEADD(MONTH, -1, SAD.budat), 112) = #{date}
        OR
            CONVERT(varchar(6), SAD.zfbdt, 112) = CONVERT(varchar(6), #{today}, 112)
        OR
            CONVERT(varchar(6), DATEADD(MONTH, -1, SAD.zfbdt), 112) = #{date}
        )
    </if>
    </sql>
    <sql id="template">
    SELECT
        EBIRE.pj_id,
        EBIRE.order_num,
        EBIRE.apply_num,
        EBIRE.entrust_branch_num
    FROM
        oj_entrust_branch_info EBIRE
    INNER JOIN
        oj_entrust_branch_info EBI
    ON EBI.pj_id = EBIRE.pj_id
    AND
        EBI.apply_num = EBIRE.apply_num
    INNER JOIN
        SAPAccountDetail SAD
    ON EBI.pj_id = SAD.projk
    AND
        EBI.apply_num = SAD.ablad
    AND
        EBI.entrust_branch_num = SAD.wempf
    WHERE
        EBIRE.order_status = '2'
    <include refid="sapDetailCondition"></include>
    GROUP BY
        EBIRE.apply_num,
        EBIRE.pj_id,
        EBIRE.entrust_branch_num,
        EBIRE.order_num,
        EBIRE.order_status
    </sql>
    <sql id="templateEdaban">
    SELECT
        EBIRE.pj_id,
        EBIRE.order_num,
        EBIRE.apply_num,
        EBIRE.entrust_branch_num
    FROM
        oj_entrust_branch_info EBIRE
    INNER JOIN
    (
        <include refid="template"></include>
    ) TEMPLATE
    ON TEMPLATE.pj_id = EBIRE.pj_id
    AND
       TEMPLATE.apply_num = EBIRE.apply_num
    WHERE
        EBIRE.order_status = '2'
    GROUP BY
        EBIRE.apply_num,
        EBIRE.pj_id,
        EBIRE.entrust_branch_num,
        EBIRE.order_num,
        EBIRE.order_status
    </sql>
    <update id="updateBaseInfor">
    UPDATE
        oj_base_info
    SET
        apply_status = '99'
    WHERE
        EXISTS
        (
            SELECT
                1
            FROM
                oj_entrust_branch_info EBITEMP
            INNER JOIN
            (
                <include refid="templateEdaban"></include>
            ) TEMP
            ON TEMP.order_num = EBITEMP.order_num
            AND
                TEMP.apply_num &lt;&gt; EBITEMP.apply_num
            WHERE
                oj_base_info.pj_id = EBITEMP.pj_id
            AND
                oj_base_info.apply_num = EBITEMP.apply_num
        )
    </update>
    <update id="updateEntrustStatus">
        UPDATE
            EBIRESULT
        SET
            EBIRESULT.order_status = EBIMOTO.order_status
        FROM oj_entrust_branch_info EBIRESULT
        INNER JOIN
            oj_entrust_branch_info EBIMOTO
        ON EBIMOTO.apply_num &lt;&gt; EBIRESULT.apply_num
        AND
            EBIMOTO.order_num = EBIRESULT.order_num
        INNER JOIN
        (
            <include refid="template"></include>
        ) TEMP
        ON EBIMOTO.order_num = TEMP.order_num
        AND
           EBIMOTO.apply_num &lt;&gt; TEMP.apply_num
    </update>

    <update id="updateApprove">
    UPDATE
        oj_approve
    SET
        current_approved_by = NULL
    WHERE
        EXISTS
        (
            SELECT
                OBI.approve_num
            FROM
                oj_base_info OBI
            INNER JOIN
                oj_entrust_branch_info EBITEMP
            ON OBI.pj_id = EBITEMP.pj_id
            AND
                OBI.apply_num = EBITEMP.apply_num
            INNER JOIN
            (
                <include refid="templateEdaban"></include>
            ) TEMP
            ON TEMP.order_num = EBITEMP.order_num
            AND
                TEMP.apply_num &lt;&gt; EBITEMP.apply_num
            WHERE OBI.approve_num = oj_approve.approve_num
            GROUP BY OBI.approve_num

            )
    </update>
    <select id="findMailInfor" resultType="jp.co.aeroasahi.tpkt.batch.oj.ojb0301.MailInforOutput">
    SELECT
        OBIRE.apply_num AS applyNum,
        OBIRE.pj_id AS pjId,
        OBIRE.apply_way AS applyWay,
        PER.emp_name AS empName,
        PER.mail_address AS mailAddress,
        PER3.emp_name AS proxyEmpName,
        PER3.mail_address AS proxyMailAddress,
        PER5.emp_name AS firstApprovedBy,
        PER5.mail_address AS firstApprovedByMail,
        PER7.emp_name AS secondApprovedBy,
        PER7.mail_address AS secondApprovedByMail,
        PER9.emp_name AS thirdApprovedBy,
        PER9.mail_address AS thirdApprovedByMail,
        PER11.emp_name AS fourthApprovedBy,
        PER11.mail_address AS fourthApprovedByMail,
        PER13.emp_name AS fifthApprovedBy,
        PER13.mail_address AS fifthApprovedByMail,
        PER15.emp_name AS lastApprovedBy,
        PER15.mail_address AS lastApprovedByMail
    FROM
        (
            SELECT
                OBI.apply_num,
                OBI.pj_id ,
                OBI.apply_way,
                OBI.approve_num,
                OBI.proxy_applied_by,
                OBI.applied_by
            FROM
                oj_base_info OBI
            INNER JOIN
                oj_entrust_branch_info EBITEMP
            ON OBI.pj_id = EBITEMP.pj_id
            AND
                OBI.apply_num = EBITEMP.apply_num
            INNER JOIN
            (
                <include refid="templateEdaban"></include>
            ) TEMP
            ON TEMP.order_num = EBITEMP.order_num
            AND
                TEMP.apply_num &lt;&gt; EBITEMP.apply_num
            GROUP BY
                OBI.apply_num,
                OBI.pj_id ,
                OBI.apply_way,
                OBI.approve_num,
                OBI.proxy_applied_by,
                OBI.applied_by
            ) OBIRE
    INNER JOIN
        oj_approve APP
    ON
        OBIRE.approve_num = APP.approve_num
    LEFT JOIN
        ma_personal PER
    ON
        PER.effective_from = (SELECT
                                  MAX(PER2.effective_from)
                              FROM
                                  ma_personal PER2
                              WHERE
                                  PER2.emp_cd = PER.emp_cd
                              AND PER2.effective_from &lt;= #{today})
    AND PER.emp_cd = OBIRE.applied_by
    LEFT JOIN
        ma_personal PER3
    ON
        PER3.effective_from = (SELECT
                                  MAX(PER4.effective_from)
                              FROM
                                  ma_personal PER4
                              WHERE
                                  PER4.emp_cd = PER3.emp_cd
                              AND PER4.effective_from &lt;= #{today})
    AND PER3.emp_cd = OBIRE.proxy_applied_by
    LEFT JOIN
        ma_personal PER5
    ON
        PER5.effective_from = (SELECT
                                  MAX(PER6.effective_from)
                              FROM
                                  ma_personal PER6
                              WHERE
                                  PER5.emp_cd = PER6.emp_cd
                              AND PER6.effective_from &lt;= #{today})
    AND PER5.emp_cd = APP.first_approved_by
    LEFT JOIN
        ma_personal PER7
    ON
        PER7.effective_from = (SELECT
                                  MAX(PER8.effective_from)
                              FROM
                                  ma_personal PER8
                              WHERE
                                  PER8.emp_cd = PER7.emp_cd
                              AND PER8.effective_from &lt;= #{today})
    AND PER7.emp_cd = APP.second_approved_by
    LEFT JOIN
        ma_personal PER9
    ON
        PER9.effective_from = (SELECT
                                  MAX(PER10.effective_from)
                              FROM
                                  ma_personal PER10
                              WHERE
                                  PER10.emp_cd = PER9.emp_cd
                              AND PER10.effective_from &lt;= #{today})
    AND PER9.emp_cd = APP.third_approved_by
    LEFT JOIN
        ma_personal PER11
    ON
        PER11.effective_from = (SELECT
                                  MAX(PER12.effective_from)
                              FROM
                                  ma_personal PER12
                              WHERE
                                  PER12.emp_cd = PER11.emp_cd
                              AND PER12.effective_from &lt;= #{today})
    AND PER11.emp_cd = APP.fourth_approved_by
     LEFT JOIN
        ma_personal PER13
    ON
        PER13.effective_from = (SELECT
                                  MAX(PER14.effective_from)
                              FROM
                                  ma_personal PER14
                              WHERE
                                  PER14.emp_cd = PER13.emp_cd
                              AND PER14.effective_from &lt;= #{today})
    AND PER13.emp_cd = APP.fifth_approved_by
    LEFT JOIN
        ma_personal PER15
    ON
        PER15.effective_from = (SELECT
                                  MAX(PER16.effective_from)
                              FROM
                                  ma_personal PER16
                              WHERE
                                  PER16.emp_cd = PER15.emp_cd
                              AND PER16.effective_from &lt;= #{today})
    AND PER15.emp_cd = APP.last_approved_by
    </select>
    <update id="updateEntrustBranch">
    UPDATE EBI
        SET
            EBI.order_status =
                            CASE
                                WHEN #{today} &gt;= SAD.zfbdt
                            THEN '9'
                            ELSE
                                '8'
                            END,
            EBI.payment_processed_on = SAD.budat,
            EBI.paid_on = SAD.zfbdt,
            EBI.payment_num = SAD.belnr
    FROM oj_entrust_branch_info EBI
    INNER JOIN
        SAPAccountDetail SAD
    ON EBI.pj_id = SAD.projk
    AND
        EBI.apply_num = SAD.ablad
    AND
        EBI.entrust_branch_num = SAD.wempf
        <include refid="sapDetailCondition"></include>
    </update>
    <select id="findAppliedNum" resultType="Map">
    SELECT
        SAP.ablad
    FROM
        SAPAccountDetail SAP
    INNER JOIN
    (
        SELECT
            EBI.pj_id,
            EBI.apply_num,
            EBI.entrust_branch_num
        FROM
            oj_entrust_branch_info EBI
        INNER JOIN
            SAPAccountDetail SAD
        ON EBI.pj_id = SAD.projk
        AND
            EBI.apply_num = SAD.ablad
        AND
            EBI.entrust_branch_num = SAD.wempf
            <include refid="sapDetailCondition"></include>
        GROUP BY
            EBI.pj_id,
            EBI.apply_num,
            EBI.entrust_branch_num
    ) TEMP
    ON SAP.projk = TEMP.pj_id
    AND
        SAP.ablad = TEMP.apply_num
    AND
        SAP.wempf = TEMP.entrust_branch_num
    GROUP BY
        SAP.ablad
    HAVING count(SAP.ablad) &gt; 1
    AND SUM(SAP.dmbtr) = 0
    </select>

    <update id="updateEntrustBranchByList">
    UPDATE EBI
        SET
            EBI.order_status = '7',
            EBI.payment_processed_on = NULL,
            EBI.paid_on = NULL,
            EBI.payment_num = NULL
    FROM oj_entrust_branch_info EBI
    INNER JOIN
        SAPAccountDetail SAD
    ON EBI.pj_id = SAD.projk
    AND
        EBI.apply_num = SAD.ablad
    AND
        EBI.entrust_branch_num = SAD.wempf
        <include refid="sapDetailCondition"></include>
    AND SAD.ablad = #{ablad}
    </update>
</mapper>

