<?xml version="1.0" encoding="UTF-8" ?>
<!DOCTYPE mapper PUBLIC "-//mybatis.org/DTD Mapper 3.0//EN"
        "http://mybatis.org/dtd/mybatis-3-mapper.dtd">

<mapper namespace="jp.co.aeroasahi.tpkt.batch.fwb0101.FWB0101Repository">

    <insert id="create">
        INSERT INTO
            temp_sap_ma_customer
            (
              KUNNR,
              NAME1,
              NAME2,
              COUNTRY,
              POST_CODE1,
              STREET,
              CITY1,
              CITY2,
              STR_SUPPL1,
              STR_SUPPL2,
              TEL_NUMBER,
              FAX_NUMBER,
              BRSCH,
              ZTERM_B,
              WAERS,
              STCD1,
              BRAN1,
              SPERR,
              INS_DT,
              UPD_DT
            )
        VALUES (
            <choose>
              <when test="KUNNR != ''">
                #{KUNNR},
              </when>
              <otherwise>
                NULL,
              </otherwise>
            </choose>
            <choose>
              <when test="NAME1 != ''">
                #{NAME1},
              </when>
              <otherwise>
                NULL,
              </otherwise>
            </choose>
            <choose>
              <when test="NAME2 != ''">
                #{NAME2},
              </when>
              <otherwise>
                NULL,
              </otherwise>
            </choose>
            <choose>
              <when test="COUNTRY != ''">
                #{COUNTRY},
              </when>
              <otherwise>
                NULL,
              </otherwise>
            </choose>
            <choose>
              <when test="POST_CODE1 != ''">
                #{POST_CODE1},
              </when>
              <otherwise>
                NULL,
              </otherwise>
            </choose>
            <choose>
              <when test="STREET != ''">
                #{STREET},
              </when>
              <otherwise>
                NULL,
              </otherwise>
            </choose>
            <choose>
              <when test="CITY1 != ''">
                #{CITY1},
              </when>
              <otherwise>
                NULL,
              </otherwise>
            </choose>
            <choose>
              <when test="CITY2 != ''">
                #{CITY2},
              </when>
              <otherwise>
                NULL,
              </otherwise>
            </choose>
            <choose>
              <when test="STR_SUPPL1 != ''">
                #{STR_SUPPL1},
              </when>
              <otherwise>
                NULL,
              </otherwise>
            </choose>
            <choose>
              <when test="STR_SUPPL2 != ''">
                #{STR_SUPPL2},
              </when>
              <otherwise>
                NULL,
              </otherwise>
            </choose>
            <choose>
              <when test="TEL_NUMBER != ''">
                #{TEL_NUMBER},
              </when>
              <otherwise>
                NULL,
              </otherwise>
            </choose>
            <choose>
              <when test="FAX_NUMBER != ''">
                #{FAX_NUMBER},
              </when>
              <otherwise>
                NULL,
              </otherwise>
            </choose>
            <choose>
              <when test="BRSCH != ''">
                #{BRSCH},
              </when>
              <otherwise>
                NULL,
              </otherwise>
            </choose>
            <choose>
              <when test="ZTERM_B != ''">
                #{ZTERM_B},
              </when>
              <otherwise>
                NULL,
              </otherwise>
            </choose>
            <choose>
              <when test="WAERS != ''">
                #{WAERS},
              </when>
              <otherwise>
                NULL,
              </otherwise>
            </choose>
            <choose>
              <when test="STCD1 != ''">
                #{STCD1},
              </when>
              <otherwise>
                NULL,
              </otherwise>
            </choose>
            <choose>
              <when test="BRAN1 != ''">
                #{BRAN1},
              </when>
              <otherwise>
                NULL,
              </otherwise>
            </choose>
            <choose>
              <when test="SPERR != ''">
                #{SPERR},
              </when>
              <otherwise>
                NULL,
              </otherwise>
            </choose>
            <choose>
              <when test="INS_DT != ''">
                #{INS_DT},
              </when>
              <otherwise>
                NULL,
              </otherwise>
            </choose>
            <choose>
              <when test="UPD_DT != ''">
                #{UPD_DT}
              </when>
              <otherwise>
                NULL
              </otherwise>
            </choose>
        )
    </insert>

    <delete id="delete">
        <![CDATA[
        DELETE
        FROM
            temp_sap_ma_customer
        WHERE
            KUNNR = #{KUNNR}
        ]]>
    </delete>
</mapper>

