<?xml version="1.0" encoding="UTF-8" ?>
<!DOCTYPE mapper PUBLIC "-//mybatis.org/DTD Mapper 3.0//EN"
        "http://mybatis.org/dtd/mybatis-3-mapper.dtd">

<mapper namespace="jp.co.aeroasahi.tpkt.batch.kn.knb0102.KNB0102Repository">

    <insert id="jobInsert">
        INSERT INTO
            BATCH_JOB_REQUEST
            (
              JOB_NAME,
              JOB_PARAMETER,
              PRIORITY,
              POLLING_STATUS,
              CREATE_DATE
            )
        VALUES (
            #{jobName},
            #{jobParameter},
            #{priority},
            #{pollingStatus},
            GETDATE()
        )
    </insert>

    <insert id="create">
        INSERT INTO
            kn_company_data
            (
                emp_cd,
                date,
                dept_cd,
                kinmu_kbn,
                kintai_cd,
                opening_time,
                ending_time,
                input_time,
                off_time,
                cikoku_soutai_time,
                ins_emp_cd,
                ins_dt,
                upd_emp_cd,
                upd_dt
            )
        VALUES (
            <choose>
              <when test="empCd != ''">
                #{empCd},
              </when>
              <otherwise>
                NULL,
              </otherwise>
            </choose>
            <choose>
              <when test="date != ''">
                #{date},
              </when>
              <otherwise>
                NULL,
              </otherwise>
            </choose>
            <choose>
              <when test="deptCd != ''">
                #{deptCd},
              </when>
              <otherwise>
                NULL,
              </otherwise>
            </choose>
            <choose>
              <when test="kinmuKbn != ''">
                #{kinmuKbn},
              </when>
              <otherwise>
                NULL,
              </otherwise>
            </choose>
            <choose>
              <when test="kintaiCd != ''">
                #{kintaiCd},
              </when>
              <otherwise>
                NULL,
              </otherwise>
            </choose>
            <choose>
              <when test="openingTime != ''">
                #{openingTime},
              </when>
              <otherwise>
                NULL,
              </otherwise>
            </choose>
            <choose>
              <when test="endingTime != ''">
                #{endingTime},
              </when>
              <otherwise>
                NULL,
              </otherwise>
            </choose>
            <choose>
              <when test="inputTime != null">
                #{inputTime},
              </when>
              <otherwise>
                NULL,
              </otherwise>
            </choose>
            <choose>
              <when test="offTime != null">
                #{offTime},
              </when>
              <otherwise>
                NULL,
              </otherwise>
            </choose>
            <choose>
              <when test="cikokuSoutaiTime != null">
                #{cikokuSoutaiTime},
              </when>
              <otherwise>
                NULL,
              </otherwise>
            </choose>
            #{insEmpCd},
            #{insDt},
            #{updEmpCd},
            #{updDt}
        )
    </insert>

    <delete id="delete">
        DELETE
        FROM
            kn_company_data
    </delete>
</mapper>

