<?xml version="1.0" encoding="UTF-8" ?>
<!DOCTYPE mapper PUBLIC "-//mybatis.org/DTD Mapper 3.0//EN"
        "http://mybatis.org/dtd/mybatis-3-mapper.dtd">

<mapper namespace="jp.co.aeroasahi.tpkt.batch.kn.knb0101.KNB0101Repository">

    <select id="findConfirmedYmByTargetYm" parameterType="list" resultType="string">
        SELECT
            target_ym
        FROM
            kn_confirm
        WHERE
            <foreach collection="targetYmList" item="targetYm" separator="OR">
                target_ym = #{targetYm}
            </foreach>

    </select>

    <select id="findAllByDateRangeAndDeptCd" resultType="jp.co.aeroasahi.tpkt.common.kn.check.CheckTargetPesonal">
        SELECT
            PE1.emp_cd,
            DA.date,
            DE1.corp_cd,
            PE1.dept_cd,
            PE1.emp_kbn,
            PE1.calendar_type
        FROM
            (
                SELECT
                    date = DATEADD(Day,Number,#{startDate})
                FROM
                    master..spt_values
                WHERE
                    Type='P'
                AND DATEADD(day,Number,#{startDate}) &lt;= #{lastDate}
            ) DA,
            ma_personal PE1
        INNER JOIN
            ma_dept DE1
        ON
            PE1.dept_cd = DE1.dept_cd
        WHERE
            PE1.effective_from =
                (
                    SELECT
                        MAX(PE2.effective_from)
                    FROM
                        ma_personal PE2
                    WHERE
                        PE2.emp_cd = PE1.emp_cd
                    AND PE2.effective_from &lt;= DA.date
                )
        AND PE1.deleted = 0
        AND DE1.effective_from =
            (
                    SELECT
                        MAX(DE2.effective_from)
                    FROM
                        ma_dept DE2
                    WHERE
                        DE2.dept_cd = DE1.dept_cd
                    AND DE2.effective_from &lt;= DA.date
            )
        AND DE1.deleted = 0
        <if test="deptCd != null">
            AND PE1.dept_cd = #{deptCd}
        </if>
        ORDER BY
            PE1.emp_cd,
            DA.date
    </select>

    <delete id="deleteCheckListByDateRange">
        DELETE
            CL
        FROM
            kn_check_list CL
        <if test="deptCd != null">
            INNER JOIN
                ma_personal PE
            ON
                CL.emp_cd = PE.emp_cd
        </if>
        WHERE
            errored_on BETWEEN #{startDate} AND #{lastDate}

        <if test="isManual">
            AND manual_checking = 1
        </if>
        <if test="!isManual">
            AND night_checking = 1
        </if>
        <if test="deptCd != null">
            AND PE.dept_cd = #{deptCd}
            AND PE.effective_from = (
                          SELECT
                            MAX(PE2.effective_from)
                          FROM
                            ma_personal PE2
                          WHERE
                            PE2.emp_cd = PE.emp_cd
                          AND PE2.effective_from &lt;= CL.errored_on
                        )
            AND PE.deleted = 0
        </if>
    </delete>

    <insert id="createCheckList">
        INSERT INTO
            kn_check_list
        (
            emp_cd,
            errored_on,
            serial,
            check_num,
            input_ym,
            kintai_cd,
            opening_time,
            ending_time,
            off_time,
            input_time,
            kosu_time,
            kosu_off_time,
            pj_id,
            kotei_cd,
            excluding,
            excluding_reason,
            admin_disping,
            reg_checking,
            night_checking,
            manual_checking,
            transaction_kbn,
            created_by,
            created_at,
            updated_by,
            updated_at
        )
        VALUES
        (
            #{empCd},
            #{erroredOn},
            #{serial},
            #{checkNum},
            #{inputYm},
            #{kintaiCd},
            #{openingTime},
            #{endingTime},
            #{offTime},
            #{inputTime},
            #{kosuTime},
            #{kosuOffTime},
            #{pjId},
            #{koteiCd},
            #{excluding},
            #{excludingReason},
            #{adminDisping},
            #{regChecking},
            #{nightChecking},
            #{manualChecking},
            #{transactionKbn},
            #{createdBy},
            #{createdAt},
            #{updatedBy},
            #{updatedAt}
        )
    </insert>
</mapper>

