<?xml version="1.0" encoding="UTF-8" ?>
<!DOCTYPE mapper PUBLIC "-//mybatis.org/DTD Mapper 3.0//EN"
        "http://mybatis.org/dtd/mybatis-3-mapper.dtd">

<mapper namespace="jp.co.aeroasahi.tpkt.batch.fwb0109.FWB0109Repository">

    <insert id="create">
        INSERT INTO
            temp_sap_order_number
            (
              ABLAD,
              WEMPF,
              EBELN,
              BEDAT,
              INS_DT,
              UPD_DT
            )
        VALUES
        (
            <choose>
              <when test="ABLAD != ''">
                #{ABLAD},
              </when>
              <otherwise>
                NULL,
              </otherwise>
            </choose>
            <choose>
              <when test="WEMPF != ''">
                #{WEMPF},
              </when>
              <otherwise>
                NULL,
              </otherwise>
            </choose>
            <choose>
              <when test="EBELN != ''">
                #{EBELN},
              </when>
              <otherwise>
                NULL,
              </otherwise>
            </choose>
            <choose>
              <when test="BEDAT != ''">
                #{BEDAT},
              </when>
              <otherwise>
                CONVERT(date, NULL),
              </otherwise>
            </choose>
            <choose>
              <when test="INS_DT != ''">
                #{INS_DT},
              </when>
              <otherwise>
                CONVERT(date, NULL),
              </otherwise>
            </choose>
            <choose>
              <when test="UPD_DT != ''">
                #{UPD_DT}
              </when>
              <otherwise>
                CONVERT(date, NULL)
              </otherwise>
            </choose>
        )
    </insert>

    <delete id="delete">
        <![CDATA[
        DELETE
        FROM
            temp_sap_order_number
        WHERE
              EBELN = #{EBELN}
        ]]>
    </delete>

</mapper>
