<?xml version="1.0" encoding="UTF-8" ?>
<!DOCTYPE mapper PUBLIC "-//mybatis.org/DTD Mapper 3.0//EN"
        "http://mybatis.org/dtd/mybatis-3-mapper.dtd">

<mapper namespace="jp.co.aeroasahi.tpkt.batch.fwb0111.FWB0111Repository">

    <select id="findAll" resultType="jp.co.aeroasahi.tpkt.batch.fwb0111.FWB0111Output">
        SELECT
          TSMV.LIFNR AS LIFNR
        FROM
          temp_sap_ma_vendor TSMV
    </select>

    <insert id="create">
        INSERT INTO
            temp_sap_ma_vendor
            (
              KBN,
              SPERR,
              LIFNR,
              BUKRS,
              KTOKK,
              NAME1,
              NAME2,
              NAME3,
              NAME4,
              SORT1,
              SORT2,
              REGION,
              STREET,
              POST_CODE1,
              CITY1,
              CITY2,
              STR_SUPPL1,
              STR_SUPPL2,
              COUNTRY,
              TEL_NUMBER,
              TEL_EXTENS,
              FAX_NUMBER,
              SMTP_ADDR,
              DEFLT_COMM,
              REMARK,
              NAME1_B,
              NAME2_B,
              NAME3_B,
              NAME4_B,
              SORT1_B,
              SORT2_B,
              REGION_B,
              STREET_B,
              CITY1_B,
              CITY2_B,
              STR_SUPPL1_B,
              STR_SUPPL2_B,
              ROOMNUMBER_B,
              REMARK_B,
              NAME1_C,
              NAME2_C,
              NAME3_C,
              NAME4_C,
              SORT1_C,
              SORT2_C,
              REGION_C,
              STREET_C,
              CITY1_C,
              CITY2_C,
              STR_SUPPL1_C,
              STR_SUPPL2_C,
              ROOMNUMBER_C,
              REMARK_C,
              KUNNR,
              VBUND,
              KONZS,
              SCACD,
              GBORT,
              BANKS,
              BANKL,
              BANKN,
              KOINH,
              BKONT,
              DTAWS,
              AKONT,
              LNRZE,
              FDGRV,
              ALTKN,
              MINDK,
              PERNR,
              ZTERM,
              ZWELS,
              XVERR,
              MGRUP,
              BUSAB,
              INTAD,
              KVERM,
              QLAND,
              WITHT,
              WT_WITHCD,
              WT_SUBJCT,
              STATUS,
              MSG_TEXT,
              INS_DT,
              UPD_DT
            )
        VALUES
         (
            <choose>
              <when test="KBN != ''">
                #{KBN},
              </when>
              <otherwise>
                NULL,
              </otherwise>
            </choose>
            <choose>
              <when test="SPERR != ''">
                #{SPERR},
              </when>
              <otherwise>
                NULL,
              </otherwise>
            </choose>
            <choose>
              <when test="LIFNR != ''">
                #{LIFNR},
              </when>
              <otherwise>
                NULL,
              </otherwise>
            </choose>
            <choose>
              <when test="BUKRS != ''">
                #{BUKRS},
              </when>
              <otherwise>
                NULL,
              </otherwise>
            </choose>
            <choose>
              <when test="KTOKK != ''">
                #{KTOKK},
              </when>
              <otherwise>
                NULL,
              </otherwise>
            </choose>
            <choose>
              <when test="NAME1 != ''">
                #{NAME1},
              </when>
              <otherwise>
                NULL,
              </otherwise>
            </choose>
            <choose>
              <when test="NAME2 != ''">
                #{NAME2},
              </when>
              <otherwise>
                NULL,
              </otherwise>
            </choose>
            <choose>
              <when test="NAME3 != ''">
                #{NAME3},
              </when>
              <otherwise>
                NULL,
              </otherwise>
            </choose>
            <choose>
              <when test="NAME4 != ''">
                #{NAME4},
              </when>
              <otherwise>
                NULL,
              </otherwise>
            </choose>
            <choose>
              <when test="SORT1 != ''">
                #{SORT1},
              </when>
              <otherwise>
                NULL,
              </otherwise>
            </choose>
            <choose>
              <when test="SORT2 != ''">
                #{SORT2},
              </when>
              <otherwise>
                NULL,
              </otherwise>
            </choose>
            <choose>
              <when test="REGION != ''">
                #{REGION},
              </when>
              <otherwise>
                NULL,
              </otherwise>
            </choose>
            <choose>
              <when test="STREET != ''">
                #{STREET},
              </when>
              <otherwise>
                NULL,
              </otherwise>
            </choose>
            <choose>
              <when test="POST_CODE1 != ''">
                #{POST_CODE1},
              </when>
              <otherwise>
                NULL,
              </otherwise>
            </choose>
            <choose>
              <when test="CITY1 != ''">
                #{CITY1},
              </when>
              <otherwise>
                NULL,
              </otherwise>
            </choose>
            <choose>
              <when test="CITY2 != ''">
                #{CITY2},
              </when>
              <otherwise>
                NULL,
              </otherwise>
            </choose>
            <choose>
              <when test="STR_SUPPL1 != ''">
                #{STR_SUPPL1},
              </when>
              <otherwise>
                NULL,
              </otherwise>
            </choose>
            <choose>
              <when test="STR_SUPPL2 != ''">
                #{STR_SUPPL2},
              </when>
              <otherwise>
                NULL,
              </otherwise>
            </choose>
            <choose>
              <when test="COUNTRY != ''">
                #{COUNTRY},
              </when>
              <otherwise>
                NULL,
              </otherwise>
            </choose>
            <choose>
              <when test="TEL_NUMBER != ''">
                #{TEL_NUMBER},
              </when>
              <otherwise>
                NULL,
              </otherwise>
            </choose>
            <choose>
              <when test="TEL_EXTENS != ''">
                #{TEL_EXTENS},
              </when>
              <otherwise>
                NULL,
              </otherwise>
            </choose>
            <choose>
              <when test="FAX_NUMBER != ''">
                #{FAX_NUMBER},
              </when>
              <otherwise>
                NULL,
              </otherwise>
            </choose>
            <choose>
              <when test="SMTP_ADDR != ''">
                #{SMTP_ADDR},
              </when>
              <otherwise>
                NULL,
              </otherwise>
            </choose>
            <choose>
              <when test="DEFLT_COMM != ''">
                #{DEFLT_COMM},
              </when>
              <otherwise>
                NULL,
              </otherwise>
            </choose>
            <choose>
              <when test="REMARK != ''">
                #{REMARK},
              </when>
              <otherwise>
                NULL,
              </otherwise>
            </choose>
            <choose>
              <when test="NAME1_B != ''">
                #{NAME1_B},
              </when>
              <otherwise>
                NULL,
              </otherwise>
            </choose>
            <choose>
              <when test="NAME2_B != ''">
                #{NAME2_B},
              </when>
              <otherwise>
                NULL,
              </otherwise>
            </choose>
            <choose>
              <when test="NAME3_B != ''">
                #{NAME3_B},
              </when>
              <otherwise>
                NULL,
              </otherwise>
            </choose>
            <choose>
              <when test="NAME4_B != ''">
                #{NAME4_B},
              </when>
              <otherwise>
                NULL,
              </otherwise>
            </choose>
            <choose>
              <when test="SORT1_B != ''">
                #{SORT1_B},
              </when>
              <otherwise>
                NULL,
              </otherwise>
            </choose>
            <choose>
              <when test="SORT2_B != ''">
                #{SORT2_B},
              </when>
              <otherwise>
                NULL,
              </otherwise>
            </choose>
            <choose>
              <when test="REGION_B != ''">
                #{REGION_B},
              </when>
              <otherwise>
                NULL,
              </otherwise>
            </choose>
            <choose>
              <when test="STREET_B != ''">
                #{STREET_B},
              </when>
              <otherwise>
                NULL,
              </otherwise>
            </choose>
            <choose>
              <when test="CITY1_B != ''">
                #{CITY1_B},
              </when>
              <otherwise>
                NULL,
              </otherwise>
            </choose>
            <choose>
              <when test="CITY2_B != ''">
                #{CITY2_B},
              </when>
              <otherwise>
                NULL,
              </otherwise>
            </choose>
            <choose>
              <when test="STR_SUPPL1_B != ''">
                #{STR_SUPPL1_B},
              </when>
              <otherwise>
                NULL,
              </otherwise>
            </choose>
            <choose>
              <when test="STR_SUPPL2_B != ''">
                #{STR_SUPPL2_B},
              </when>
              <otherwise>
                NULL,
              </otherwise>
            </choose>
            <choose>
              <when test="ROOMNUMBER_B != ''">
                #{ROOMNUMBER_B},
              </when>
              <otherwise>
                NULL,
              </otherwise>
            </choose>
            <choose>
              <when test="REMARK_B != ''">
                #{REMARK_B},
              </when>
              <otherwise>
                NULL,
              </otherwise>
            </choose>
            <choose>
              <when test="NAME1_C != ''">
                #{NAME1_C},
              </when>
              <otherwise>
                NULL,
              </otherwise>
            </choose>
            <choose>
              <when test="NAME2_C != ''">
                #{NAME2_C},
              </when>
              <otherwise>
                NULL,
              </otherwise>
            </choose>
            <choose>
              <when test="NAME3_C != ''">
                #{NAME3_C},
              </when>
              <otherwise>
                NULL,
              </otherwise>
            </choose>
            <choose>
              <when test="NAME4_C != ''">
                #{NAME4_C},
              </when>
              <otherwise>
                NULL,
              </otherwise>
            </choose>
            <choose>
              <when test="SORT1_C != ''">
                #{SORT1_C},
              </when>
              <otherwise>
                NULL,
              </otherwise>
            </choose>
            <choose>
              <when test="SORT2_C != ''">
                #{SORT2_C},
              </when>
              <otherwise>
                NULL,
              </otherwise>
            </choose>
            <choose>
              <when test="REGION_C != ''">
                #{REGION_C},
              </when>
              <otherwise>
                NULL,
              </otherwise>
            </choose>
            <choose>
              <when test="STREET_C != ''">
                #{STREET_C},
              </when>
              <otherwise>
                NULL,
              </otherwise>
            </choose>
            <choose>
              <when test="CITY1_C != ''">
                #{CITY1_C},
              </when>
              <otherwise>
                NULL,
              </otherwise>
            </choose>
            <choose>
              <when test="CITY2_C != ''">
                #{CITY2_C},
              </when>
              <otherwise>
                NULL,
              </otherwise>
            </choose>
            <choose>
              <when test="STR_SUPPL1_C != ''">
                #{STR_SUPPL1_C},
              </when>
              <otherwise>
                NULL,
              </otherwise>
            </choose>
            <choose>
              <when test="STR_SUPPL2_C != ''">
                #{STR_SUPPL2_C},
              </when>
              <otherwise>
                NULL,
              </otherwise>
            </choose>
            <choose>
              <when test="ROOMNUMBER_C != ''">
                #{ROOMNUMBER_C},
              </when>
              <otherwise>
                NULL,
              </otherwise>
            </choose>
            <choose>
              <when test="REMARK_C != ''">
                #{REMARK_C},
              </when>
              <otherwise>
                NULL,
              </otherwise>
            </choose>
            <choose>
              <when test="KUNNR != ''">
                #{KUNNR},
              </when>
              <otherwise>
                NULL,
              </otherwise>
            </choose>
            <choose>
              <when test="VBUND != ''">
                #{VBUND},
              </when>
              <otherwise>
                NULL,
              </otherwise>
            </choose>
            <choose>
              <when test="KONZS != ''">
                #{KONZS},
              </when>
              <otherwise>
                NULL,
              </otherwise>
            </choose>
            <choose>
              <when test="SCACD != ''">
                #{SCACD},
              </when>
              <otherwise>
                NULL,
              </otherwise>
            </choose>
            <choose>
              <when test="GBORT != ''">
                #{GBORT},
              </when>
              <otherwise>
                NULL,
              </otherwise>
            </choose>
            <choose>
              <when test="BANKS != ''">
                #{BANKS},
              </when>
              <otherwise>
                NULL,
              </otherwise>
            </choose>
            <choose>
              <when test="BANKL != ''">
                #{BANKL},
              </when>
              <otherwise>
                NULL,
              </otherwise>
            </choose>
            <choose>
              <when test="BANKN != ''">
                #{BANKN},
              </when>
              <otherwise>
                NULL,
              </otherwise>
            </choose>
            <choose>
              <when test="KOINH != ''">
                #{KOINH},
              </when>
              <otherwise>
                NULL,
              </otherwise>
            </choose>
            <choose>
              <when test="BKONT != ''">
                #{BKONT},
              </when>
              <otherwise>
                NULL,
              </otherwise>
            </choose>
            <choose>
              <when test="DTAWS != ''">
                #{DTAWS},
              </when>
              <otherwise>
                NULL,
              </otherwise>
            </choose>
            <choose>
              <when test="AKONT != ''">
                #{AKONT},
              </when>
              <otherwise>
                NULL,
              </otherwise>
            </choose>
            <choose>
              <when test="LNRZE != ''">
                #{LNRZE},
              </when>
              <otherwise>
                NULL,
              </otherwise>
            </choose>
            <choose>
              <when test="FDGRV != ''">
                #{FDGRV},
              </when>
              <otherwise>
                NULL,
              </otherwise>
            </choose>
            <choose>
              <when test="ALTKN != ''">
                #{ALTKN},
              </when>
              <otherwise>
                NULL,
              </otherwise>
            </choose>
            <choose>
              <when test="MINDK != ''">
                #{MINDK},
              </when>
              <otherwise>
                NULL,
              </otherwise>
            </choose>
            <choose>
              <when test="PERNR != ''">
                #{PERNR},
              </when>
              <otherwise>
                NULL,
              </otherwise>
            </choose>
            <choose>
              <when test="ZTERM != ''">
                #{ZTERM},
              </when>
              <otherwise>
                NULL,
              </otherwise>
            </choose>
            <choose>
              <when test="ZWELS != ''">
                #{ZWELS},
              </when>
              <otherwise>
                NULL,
              </otherwise>
            </choose>
            <choose>
              <when test="XVERR != ''">
                #{XVERR},
              </when>
              <otherwise>
                NULL,
              </otherwise>
            </choose>
            <choose>
              <when test="MGRUP != ''">
                #{MGRUP},
              </when>
              <otherwise>
                NULL,
              </otherwise>
            </choose>
            <choose>
              <when test="BUSAB != ''">
                #{BUSAB},
              </when>
              <otherwise>
                NULL,
              </otherwise>
            </choose>
            <choose>
              <when test="INTAD != ''">
                #{INTAD},
              </when>
              <otherwise>
                NULL,
              </otherwise>
            </choose>
            <choose>
              <when test="KVERM != ''">
                #{KVERM},
              </when>
              <otherwise>
                NULL,
              </otherwise>
            </choose>
            <choose>
              <when test="QLAND != ''">
                #{QLAND},
              </when>
              <otherwise>
                NULL,
              </otherwise>
            </choose>
            <choose>
              <when test="WITHT != ''">
                #{WITHT},
              </when>
              <otherwise>
                NULL,
              </otherwise>
            </choose>
            <choose>
              <when test="WT_WITHCD != ''">
                #{WT_WITHCD},
              </when>
              <otherwise>
                NULL,
              </otherwise>
            </choose>
            <choose>
              <when test="WT_SUBJCT != ''">
                #{WT_SUBJCT},
              </when>
              <otherwise>
                NULL,
              </otherwise>
            </choose>
            <choose>
              <when test="STATUS != ''">
                #{STATUS},
              </when>
              <otherwise>
                NULL,
              </otherwise>
            </choose>
            <choose>
              <when test="MSG_TEXT != ''">
                #{MSG_TEXT},
              </when>
              <otherwise>
                NULL,
              </otherwise>
            </choose>
            #{INS_DT},
            #{UPD_DT}
        )
    </insert>

    <update id="update">
            UPDATE temp_sap_ma_vendor
            <set>
            <choose>
              <when test="KBN != ''">
                KBN = #{KBN},
              </when>
              <otherwise>
                KBN = NULL,
              </otherwise>
            </choose>
            <choose>
              <when test="SPERR != ''">
                SPERR = #{SPERR},
              </when>
              <otherwise>
                SPERR = NULL,
              </otherwise>
            </choose>
            <choose>
              <when test="BUKRS != ''">
                BUKRS = #{BUKRS},
              </when>
              <otherwise>
                BUKRS = NULL,
              </otherwise>
            </choose>
            <choose>
              <when test="KTOKK != ''">
                KTOKK = #{KTOKK},
              </when>
              <otherwise>
                KTOKK = NULL,
              </otherwise>
            </choose>
            <choose>
              <when test="NAME1 != ''">
                NAME1 = #{NAME1},
              </when>
              <otherwise>
                NAME1 = NULL,
              </otherwise>
            </choose>
            <choose>
              <when test="NAME2 != ''">
                NAME2 = #{NAME2},
              </when>
              <otherwise>
                NAME2 = NULL,
              </otherwise>
            </choose>
            <choose>
              <when test="NAME3 != ''">
                NAME3 = #{NAME3},
              </when>
              <otherwise>
                NAME3 = NULL,
              </otherwise>
            </choose>
            <choose>
              <when test="NAME4 != ''">
                NAME4 = #{NAME4},
              </when>
              <otherwise>
                NAME4 = NULL,
              </otherwise>
            </choose>
            <choose>
              <when test="SORT1 != ''">
                SORT1 = #{SORT1},
              </when>
              <otherwise>
                SORT1 = NULL,
              </otherwise>
            </choose>
            <choose>
              <when test="SORT2 != ''">
                SORT2 = #{SORT2},
              </when>
              <otherwise>
                SORT2 = NULL,
              </otherwise>
            </choose>
            <choose>
              <when test="REGION != ''">
                REGION = #{REGION},
              </when>
              <otherwise>
                REGION = NULL,
              </otherwise>
            </choose>
            <choose>
              <when test="STREET != ''">
                STREET = #{STREET},
              </when>
              <otherwise>
                STREET = NULL,
              </otherwise>
            </choose>
            <choose>
              <when test="POST_CODE1 != ''">
                POST_CODE1 = #{POST_CODE1},
              </when>
              <otherwise>
                POST_CODE1 = NULL,
              </otherwise>
            </choose>
            <choose>
              <when test="CITY1 != ''">
                CITY1 = #{CITY1},
              </when>
              <otherwise>
                CITY1 = NULL,
              </otherwise>
            </choose>
            <choose>
              <when test="CITY2 != ''">
                CITY2 = #{CITY2},
              </when>
              <otherwise>
                CITY2 = NULL,
              </otherwise>
            </choose>
            <choose>
              <when test="STR_SUPPL1 != ''">
                STR_SUPPL1 = #{STR_SUPPL1},
              </when>
              <otherwise>
                STR_SUPPL1 = NULL,
              </otherwise>
            </choose>
            <choose>
              <when test="STR_SUPPL2 != ''">
                STR_SUPPL2 = #{STR_SUPPL2},
              </when>
              <otherwise>
                STR_SUPPL2 = NULL,
              </otherwise>
            </choose>
            <choose>
              <when test="COUNTRY != ''">
                COUNTRY = #{COUNTRY},
              </when>
              <otherwise>
                COUNTRY = NULL,
              </otherwise>
            </choose>
            <choose>
              <when test="TEL_NUMBER != ''">
                TEL_NUMBER = #{TEL_NUMBER},
              </when>
              <otherwise>
                TEL_NUMBER = NULL,
              </otherwise>
            </choose>
            <choose>
              <when test="TEL_EXTENS != ''">
                TEL_EXTENS = #{TEL_EXTENS},
              </when>
              <otherwise>
                TEL_EXTENS = NULL,
              </otherwise>
            </choose>
            <choose>
              <when test="FAX_NUMBER != ''">
                FAX_NUMBER = #{FAX_NUMBER},
              </when>
              <otherwise>
                FAX_NUMBER = NULL,
              </otherwise>
            </choose>
            <choose>
              <when test="SMTP_ADDR != ''">
                SMTP_ADDR = #{SMTP_ADDR},
              </when>
              <otherwise>
                SMTP_ADDR = NULL,
              </otherwise>
            </choose>
            <choose>
              <when test="DEFLT_COMM != ''">
                DEFLT_COMM = #{DEFLT_COMM},
              </when>
              <otherwise>
                DEFLT_COMM = NULL,
              </otherwise>
            </choose>
            <choose>
              <when test="REMARK != ''">
                REMARK = #{REMARK},
              </when>
              <otherwise>
                REMARK = NULL,
              </otherwise>
            </choose>
            <choose>
              <when test="NAME1_B != ''">
                NAME1_B = #{NAME1_B},
              </when>
              <otherwise>
                NAME1_B = NULL,
              </otherwise>
            </choose>
            <choose>
              <when test="NAME2_B != ''">
                NAME2_B = #{NAME2_B},
              </when>
              <otherwise>
                NAME2_B = NULL,
              </otherwise>
            </choose>
            <choose>
              <when test="NAME3_B != ''">
                NAME3_B = #{NAME3_B},
              </when>
              <otherwise>
                NAME3_B = NULL,
              </otherwise>
            </choose>
            <choose>
              <when test="NAME4_B != ''">
                NAME4_B = #{NAME4_B},
              </when>
              <otherwise>
                NAME4_B = NULL,
              </otherwise>
            </choose>
            <choose>
              <when test="SORT1_B != ''">
                SORT1_B = #{SORT1_B},
              </when>
              <otherwise>
                SORT1_B = NULL,
              </otherwise>
            </choose>
            <choose>
              <when test="SORT2_B != ''">
                SORT2_B = #{SORT2_B},
              </when>
              <otherwise>
                SORT2_B = NULL,
              </otherwise>
            </choose>
            <choose>
              <when test="REGION_B != ''">
                REGION_B = #{REGION_B},
              </when>
              <otherwise>
                REGION_B = NULL,
              </otherwise>
            </choose>
            <choose>
              <when test="STREET_B != ''">
                STREET_B = #{STREET_B},
              </when>
              <otherwise>
                STREET_B = NULL,
              </otherwise>
            </choose>
            <choose>
              <when test="CITY1_B != ''">
                CITY1_B = #{CITY1_B},
              </when>
              <otherwise>
                CITY1_B = NULL,
              </otherwise>
            </choose>
            <choose>
              <when test="CITY2_B != ''">
                CITY2_B = #{CITY2_B},
              </when>
              <otherwise>
                CITY2_B = NULL,
              </otherwise>
            </choose>
            <choose>
              <when test="STR_SUPPL1_B != ''">
                STR_SUPPL1_B = #{STR_SUPPL1_B},
              </when>
              <otherwise>
                STR_SUPPL1_B = NULL,
              </otherwise>
            </choose>
            <choose>
              <when test="STR_SUPPL2_B != ''">
                STR_SUPPL2_B = #{STR_SUPPL2_B},
              </when>
              <otherwise>
                STR_SUPPL2_B = NULL,
              </otherwise>
            </choose>
            <choose>
              <when test="ROOMNUMBER_B != ''">
                ROOMNUMBER_B = #{ROOMNUMBER_B},
              </when>
              <otherwise>
                ROOMNUMBER_B = NULL,
              </otherwise>
            </choose>
            <choose>
              <when test="REMARK_B != ''">
                REMARK_B = #{REMARK_B},
              </when>
              <otherwise>
                REMARK_B = NULL,
              </otherwise>
            </choose>
            <choose>
              <when test="NAME1_C != ''">
                NAME1_C = #{NAME1_C},
              </when>
              <otherwise>
                NAME1_C = NULL,
              </otherwise>
            </choose>
            <choose>
              <when test="NAME2_C != ''">
                NAME2_C = #{NAME2_C},
              </when>
              <otherwise>
                NAME2_C = NULL,
              </otherwise>
            </choose>
            <choose>
              <when test="NAME3_C != ''">
                NAME3_C = #{NAME3_C},
              </when>
              <otherwise>
                NAME3_C = NULL,
              </otherwise>
            </choose>
            <choose>
              <when test="NAME4_C != ''">
                NAME4_C = #{NAME4_C},
              </when>
              <otherwise>
                NAME4_C = NULL,
              </otherwise>
            </choose>
            <choose>
              <when test="SORT1_C != ''">
                SORT1_C = #{SORT1_C},
              </when>
              <otherwise>
                SORT1_C = NULL,
              </otherwise>
            </choose>
            <choose>
              <when test="SORT2_C != ''">
                SORT2_C = #{SORT2_C},
              </when>
              <otherwise>
                SORT2_C = NULL,
              </otherwise>
            </choose>
            <choose>
              <when test="REGION_C != ''">
                REGION_C = #{REGION_C},
              </when>
              <otherwise>
                REGION_C = NULL,
              </otherwise>
            </choose>
            <choose>
              <when test="STREET_C != ''">
                STREET_C = #{STREET_C},
              </when>
              <otherwise>
                STREET_C = NULL,
              </otherwise>
            </choose>
            <choose>
              <when test="CITY1_C != ''">
                CITY1_C = #{CITY1_C},
              </when>
              <otherwise>
                CITY1_C = NULL,
              </otherwise>
            </choose>
            <choose>
              <when test="CITY2_C != ''">
                CITY2_C = #{CITY2_C},
              </when>
              <otherwise>
                CITY2_C = NULL,
              </otherwise>
            </choose>
            <choose>
              <when test="STR_SUPPL1_C != ''">
                STR_SUPPL1_C = #{STR_SUPPL1_C},
              </when>
              <otherwise>
                STR_SUPPL1_C = NULL,
              </otherwise>
            </choose>
            <choose>
              <when test="STR_SUPPL2_C != ''">
                STR_SUPPL2_C = #{STR_SUPPL2_C},
              </when>
              <otherwise>
                STR_SUPPL2_C = NULL,
              </otherwise>
            </choose>
            <choose>
              <when test="ROOMNUMBER_C != ''">
                ROOMNUMBER_C = #{ROOMNUMBER_C},
              </when>
              <otherwise>
                ROOMNUMBER_C = NULL,
              </otherwise>
            </choose>
            <choose>
              <when test="REMARK_C != ''">
                REMARK_C = #{REMARK_C},
              </when>
              <otherwise>
                REMARK_C = NULL,
              </otherwise>
            </choose>
            <choose>
              <when test="KUNNR != ''">
                KUNNR = #{KUNNR},
              </when>
              <otherwise>
                KUNNR = NULL,
              </otherwise>
            </choose>
            <choose>
              <when test="VBUND != ''">
                VBUND = #{VBUND},
              </when>
              <otherwise>
                VBUND = NULL,
              </otherwise>
            </choose>
            <choose>
              <when test="KONZS != ''">
                KONZS = #{KONZS},
              </when>
              <otherwise>
                KONZS = NULL,
              </otherwise>
            </choose>
            <choose>
              <when test="SCACD != ''">
                SCACD = #{SCACD},
              </when>
              <otherwise>
                SCACD = NULL,
              </otherwise>
            </choose>
            <choose>
              <when test="GBORT != ''">
                GBORT = #{GBORT},
              </when>
              <otherwise>
                GBORT = NULL,
              </otherwise>
            </choose>
            <choose>
              <when test="BANKS != ''">
                BANKS = #{BANKS},
              </when>
              <otherwise>
                BANKS = NULL,
              </otherwise>
            </choose>
            <choose>
              <when test="BANKL != ''">
                BANKL = #{BANKL},
              </when>
              <otherwise>
                BANKL = NULL,
              </otherwise>
            </choose>
            <choose>
              <when test="BANKN != ''">
                BANKN = #{BANKN},
              </when>
              <otherwise>
                BANKN = NULL,
              </otherwise>
            </choose>
            <choose>
              <when test="KOINH != ''">
                KOINH = #{KOINH},
              </when>
              <otherwise>
                KOINH = NULL,
              </otherwise>
            </choose>
            <choose>
              <when test="BKONT != ''">
                BKONT = #{BKONT},
              </when>
              <otherwise>
                BKONT = NULL,
              </otherwise>
            </choose>
            <choose>
              <when test="DTAWS != ''">
                DTAWS = #{DTAWS},
              </when>
              <otherwise>
                DTAWS = NULL,
              </otherwise>
            </choose>
            <choose>
              <when test="AKONT != ''">
                AKONT = #{AKONT},
              </when>
              <otherwise>
                AKONT = NULL,
              </otherwise>
            </choose>
            <choose>
              <when test="LNRZE != ''">
                LNRZE = #{LNRZE},
              </when>
              <otherwise>
                LNRZE = NULL,
              </otherwise>
            </choose>
            <choose>
              <when test="FDGRV != ''">
                FDGRV = #{FDGRV},
              </when>
              <otherwise>
                FDGRV = NULL,
              </otherwise>
            </choose>
            <choose>
              <when test="ALTKN != ''">
                ALTKN = #{ALTKN},
              </when>
              <otherwise>
                ALTKN = NULL,
              </otherwise>
            </choose>
            <choose>
              <when test="MINDK != ''">
                MINDK = #{MINDK},
              </when>
              <otherwise>
                MINDK = NULL,
              </otherwise>
            </choose>
            <choose>
              <when test="PERNR != ''">
                PERNR = #{PERNR},
              </when>
              <otherwise>
                PERNR = NULL,
              </otherwise>
            </choose>
            <choose>
              <when test="ZTERM != ''">
                ZTERM = #{ZTERM},
              </when>
              <otherwise>
                ZTERM = NULL,
              </otherwise>
            </choose>
            <choose>
              <when test="ZWELS != ''">
                ZWELS = #{ZWELS},
              </when>
              <otherwise>
                ZWELS = NULL,
              </otherwise>
            </choose>
            <choose>
              <when test="XVERR != ''">
                XVERR = #{XVERR},
              </when>
              <otherwise>
                XVERR = NULL,
              </otherwise>
            </choose>
            <choose>
              <when test="MGRUP != ''">
                MGRUP = #{MGRUP},
              </when>
              <otherwise>
                MGRUP = NULL,
              </otherwise>
            </choose>
            <choose>
              <when test="BUSAB != ''">
                BUSAB = #{BUSAB},
              </when>
              <otherwise>
                BUSAB = NULL,
              </otherwise>
            </choose>
            <choose>
              <when test="INTAD != ''">
                INTAD = #{INTAD},
              </when>
              <otherwise>
                INTAD = NULL,
              </otherwise>
            </choose>
            <choose>
              <when test="KVERM != ''">
                KVERM = #{KVERM},
              </when>
              <otherwise>
                KVERM = NULL,
              </otherwise>
            </choose>
            <choose>
              <when test="QLAND != ''">
                QLAND = #{QLAND},
              </when>
              <otherwise>
                QLAND = NULL,
              </otherwise>
            </choose>
            <choose>
              <when test="WITHT != ''">
                WITHT = #{WITHT},
              </when>
              <otherwise>
                WITHT = NULL,
              </otherwise>
            </choose>
            <choose>
              <when test="WT_WITHCD != ''">
                WT_WITHCD = #{WT_WITHCD},
              </when>
              <otherwise>
                WT_WITHCD = NULL,
              </otherwise>
            </choose>
            <choose>
              <when test="WT_SUBJCT != ''">
                WT_SUBJCT = #{WT_SUBJCT},
              </when>
              <otherwise>
                WT_SUBJCT = NULL,
              </otherwise>
            </choose>
            <choose>
              <when test="STATUS != ''">
                STATUS = #{STATUS},
              </when>
              <otherwise>
                STATUS = NULL,
              </otherwise>
            </choose>
            <choose>
              <when test="MSG_TEXT != ''">
                MSG_TEXT = #{MSG_TEXT},
              </when>
              <otherwise>
                MSG_TEXT = NULL,
              </otherwise>
            </choose>
            UPD_DT = #{UPD_DT}
            </set>
            WHERE
                LIFNR = #{LIFNR}
    </update>

    <select id="findAllTpkt" resultType="jp.co.aeroasahi.tpkt.batch.fwb0111.FWB0111TpktOutput">
        SELECT
          TOMV.vendor_cd AS vendorCd
        FROM
          temp_oj_ma_vendor TOMV
    </select>

    <insert id="tpktCreate">
        INSERT INTO
            temp_oj_ma_vendor
            (
                vendor_cd,
                vendor_sort_cd,
                vendor_name,
                vendor_name_kana,
                address,
                supplier,
                postal_code,
                prefectures,
                municipality,
                street1,
                street2,
                street3,
                tel_num,
                withholding,
                country_cd,
                paymant_limit,
                paymant_method,
                supplier_block,
                created_by,
                created_at,
                updated_by,
                updated_at,
                deleted,
                currency,
                supplier_corp_id
            )
        VALUES
         (
            #{vendorCd},
            #{vendorSortCd},
            #{vendorName},
            #{vendorNameKana},
            #{address},
            #{supplier},
            #{postalCode},
            #{prefectures},
            #{municipality},
            #{street1},
            #{street2},
            #{street3},
            #{telNum},
            #{withholding},
            #{countryCd},
            #{paymantLimit},
            #{paymantMethod},
            #{supplierBlock},
            #{createdBy},
            #{createdAt},
            #{updatedBy},
            #{updatedAt},
            #{deleted},
            #{currency},
            #{supplierCorpId}
        )
    </insert>

    <update id="tpktUpdate">
            UPDATE temp_oj_ma_vendor
            <set>
                vendor_sort_cd = #{vendorSortCd},
                vendor_name = #{vendorName},
                vendor_name_kana = #{vendorNameKana},
                address = #{address},
                postal_code = #{postalCode},
                prefectures = #{prefectures},
                municipality = #{municipality},
                street1 = #{street1},
                street2 = #{street2},
                street3 = #{street3},
                tel_num = #{telNum},
                withholding = #{withholding},
                country_cd = #{countryCd},
                paymant_limit = #{paymantLimit},
                paymant_method = #{paymantMethod},
                supplier_block = #{supplierBlock},
                updated_by = #{updatedBy},
                updated_at = #{updatedAt},
                currency = #{currency},
                supplier_corp_id = #{supplierCorpId}
            </set>
            WHERE
                vendor_cd = #{vendorCd}
    </update>

</mapper>
