<?xml version="1.0" encoding="UTF-8" ?>
<!DOCTYPE mapper PUBLIC "-//mybatis.org/DTD Mapper 3.0//EN"
        "http://mybatis.org/dtd/mybatis-3-mapper.dtd">

<mapper namespace="jp.co.aeroasahi.tpkt.batch.fwb0113.FWB0113Repository">

    <select id="findAll" resultType="jp.co.aeroasahi.tpkt.batch.fwb0113.FWB0113Output">
        SELECT
          TSP.PSPNR AS PSPNR
        FROM
          temp_sap_project TSP
    </select>

    <select id="findAllByTypeId" resultType="jp.co.aeroasahi.tpkt.batch.fwb0113.FWB0113Output">
        SELECT
           code AS code,
           value AS value
        FROM
           ma_general
        WHERE
           type_id = #{typeid}
    </select>

    <insert id="create">
        INSERT INTO
            temp_sap_project
            (
              PSPNR,
              ZPSPNAME,
              PRCTR,
              ZSEISANEIGYOTANTOSHA,
              STAT,
              ZCMCREADT,
              ZPSPID,
              ZTORISYUBETU,
              INS_DT,
              UPD_DT
            )
        VALUES
         (
            <choose>
              <when test="PSPNR != ''">
                #{PSPNR},
              </when>
              <otherwise>
                NULL,
              </otherwise>
            </choose>
            <choose>
              <when test="ZPSPNAME != ''">
                #{ZPSPNAME},
              </when>
              <otherwise>
                NULL,
              </otherwise>
            </choose>
            <choose>
              <when test="PRCTR != ''">
                #{PRCTR},
              </when>
              <otherwise>
                NULL,
              </otherwise>
            </choose>
            <choose>
              <when test="ZSEISANEIGYOTANTOSHA != ''">
                #{ZSEISANEIGYOTANTOSHA},
              </when>
              <otherwise>
                NULL,
              </otherwise>
            </choose>
            <choose>
              <when test="STAT != ''">
                #{STAT},
              </when>
              <otherwise>
                NULL,
              </otherwise>
            </choose>
            <choose>
              <when test="ZCMCREADT != null">
                #{ZCMCREADT},
              </when>
              <otherwise>
                CONVERT(date, NULL),
              </otherwise>
            </choose>
            <choose>
              <when test="ZPSPID != ''">
                #{ZPSPID},
              </when>
              <otherwise>
                NULL,
              </otherwise>
            </choose>
            <choose>
              <when test="ZTORISYUBETU != ''">
                #{ZTORISYUBETU},
              </when>
              <otherwise>
                NULL,
              </otherwise>
            </choose>
              #{INS_DT},
              #{UPD_DT}
        )
    </insert>

    <update id="update">
            UPDATE temp_sap_project
            <set>
            <choose>
              <when test="ZPSPNAME != ''">
                ZPSPNAME = #{ZPSPNAME},
              </when>
              <otherwise>
                ZPSPNAME = NULL,
              </otherwise>
            </choose>
            <choose>
              <when test="PRCTR != ''">
                PRCTR = #{PRCTR},
              </when>
              <otherwise>
                PRCTR = NULL,
              </otherwise>
            </choose>
            <choose>
              <when test="ZSEISANEIGYOTANTOSHA != ''">
                ZSEISANEIGYOTANTOSHA = #{ZSEISANEIGYOTANTOSHA},
              </when>
              <otherwise>
                ZSEISANEIGYOTANTOSHA = NULL,
              </otherwise>
            </choose>
            <choose>
              <when test="STAT != ''">
                STAT = #{STAT},
              </when>
              <otherwise>
                STAT = NULL,
              </otherwise>
            </choose>
            <choose>
              <when test="ZCMCREADT != null">
                ZCMCREADT = #{ZCMCREADT},
              </when>
              <otherwise>
                ZCMCREADT = CONVERT(date, NULL),
              </otherwise>
            </choose>
            <choose>
              <when test="ZPSPID != ''">
                ZPSPID = #{ZPSPID},
              </when>
              <otherwise>
                ZPSPID = NULL,
              </otherwise>
            </choose>
            <choose>
              <when test="ZTORISYUBETU != ''">
                ZTORISYUBETU = #{ZTORISYUBETU},
              </when>
              <otherwise>
                ZTORISYUBETU = NULL,
              </otherwise>
            </choose>
              UPD_DT = #{UPD_DT}
            </set>
            WHERE
                PSPNR = #{PSPNR}
    </update>

    <select id="findAllTpkt" resultType="jp.co.aeroasahi.tpkt.batch.fwb0113.FWB0113TpktOutput">
        SELECT
          TP.pj_id AS pjId
        FROM
          temp_project TP
    </select>

    <insert id="tpktCreate">
        INSERT INTO
            temp_project
            (
                pj_id,
                bu_pj_att_id,
                pj_att_id,
                pj_type,
                pj_name,
                pro_sales_dept_cd,
                pro_sales_emp_cd,
                pj_ended,
                pj_status,
                deal_type,
                created_at,
                updated_at
            )
        VALUES
        (
            #{pjId},
            #{buPjAttId},
            #{pjAttId},
            #{pjType},
            #{pjName},
            #{proSalesDeptCd},
            #{proSalesEmpCd},
            #{pjEnded},
            #{pjStatus},
            #{dealType},
            #{createdAt},
            #{updatedAt}
        )
    </insert>

    <update id="tpktUpdate">
            UPDATE temp_project
            <set>
                bu_pj_att_id = #{buPjAttId},
                pj_att_id = #{pjAttId},
                pj_type = #{pjType},
                pj_name = #{pjName},
                pro_sales_dept_cd = #{proSalesDeptCd},
                pro_sales_emp_cd = #{proSalesEmpCd},
                pj_ended = #{pjEnded},
                pj_status = #{pjStatus},
                deal_type = #{dealType},
                updated_at = #{updatedAt}
            </set>
            WHERE
                pj_id = #{pjId}
    </update>

</mapper>
