<?xml version="1.0" encoding="UTF-8" ?>
<!DOCTYPE mapper PUBLIC "-//mybatis.org/DTD Mapper 3.0//EN"
        "http://mybatis.org/dtd/mybatis-3-mapper.dtd">

<mapper namespace="jp.co.aeroasahi.tpkt.batch.fwb0104.FWB0104Repository">

    <insert id="create">
        INSERT INTO
            temp_sap_project
            (
              PSPNR,
              ZPSPNAME,
              PRCTR,
              ZSEISANEIGYOTANTOSHA,
              STAT,
              ZCMCREADT,
              ZPSPID,
              ZTORISYUBETU,
              INS_DT,
              UPD_DT
            )
        VALUES (
            <choose>
              <when test="PSPNR != ''">
                #{PSPNR},
              </when>
              <otherwise>
                NULL,
              </otherwise>
            </choose>
            <choose>
              <when test="ZPSPNAME != ''">
                #{ZPSPNAME},
              </when>
              <otherwise>
                NULL,
              </otherwise>
            </choose>
            <choose>
              <when test="PRCTR != ''">
                #{PRCTR},
              </when>
              <otherwise>
                NULL,
              </otherwise>
            </choose>
            <choose>
              <when test="ZSEISANEIGYOTANTOSHA != ''">
                #{ZSEISANEIGYOTANTOSHA},
              </when>
              <otherwise>
                NULL,
              </otherwise>
            </choose>
            <choose>
              <when test="STAT != ''">
                #{STAT},
              </when>
              <otherwise>
                NULL,
              </otherwise>
            </choose>
            <choose>
              <when test="ZCMCREADT != ''">
                #{ZCMCREADT},
              </when>
              <otherwise>
                CONVERT(date, NULL),
              </otherwise>
            </choose>
            <choose>
              <when test="ZPSPID != ''">
                #{ZPSPID},
              </when>
              <otherwise>
                NULL,
              </otherwise>
            </choose>
            <choose>
              <when test="ZTORISYUBETU != ''">
                #{ZTORISYUBETU},
              </when>
              <otherwise>
                NULL,
              </otherwise>
            </choose>
            <choose>
              <when test="INS_DT != ''">
                #{INS_DT},
              </when>
              <otherwise>
                NULL,
              </otherwise>
            </choose>
            <choose>
              <when test="UPD_DT != ''">
                #{UPD_DT}
              </when>
              <otherwise>
                NULL
              </otherwise>
            </choose>
        )
    </insert>

    <delete id="delete">
        DELETE
        FROM
            temp_sap_project
        WHERE
            PSPNR = #{PSPNR}

    </delete>
</mapper>
