<?xml version="1.0" encoding="UTF-8" ?>
<!DOCTYPE mapper PUBLIC "-//mybatis.org/DTD Mapper 3.0//EN"
        "http://mybatis.org/dtd/mybatis-3-mapper.dtd">

<mapper namespace="jp.co.aeroasahi.tpkt.batch.sbb0202.SBB0202Repository">

    <sql id="findSbCostData">
        SELECT
            SD.pj_id AS pjId,
            SD.kotei_cd AS koteiCd,
            SD.branch_num AS branchNum,
            SD.result_planed_kbn AS resultPlanedKbn,
            SD.himoku_cd AS himokuCd,
            SD.work_ym AS workYm,
            SD.pro_sales_dept_cd AS proSalesDeptCd,
            SD.dist_resource_cd AS distResourceCd,
            SD.work_to AS workTo,
            MAR.resource_cd AS resourceCd,
            MAR.unit_cd AS unitCd,
            MAR.unit_cost AS unitCost,
            ISNULL(MAR.unit_cost,0) * SD.quantity AS cost
        FROM
        (
            SELECT
                SBM.pj_id,
                SBM.kotei_cd,
                SBM.branch_num,
                SBM.result_planed_kbn,
                SBD.himoku_cd,
                SBD.dist_resource_cd,
                SBD.work_to,
                SBM.work_ym,
                SBM.quantity,
                PRJ.pro_sales_dept_cd
            FROM
                sb_data SBD
            INNER JOIN
                sb_month_data SBM
            ON
                SBD.pj_id = SBM.pj_id
            AND SBD.kotei_cd = SBM.kotei_cd
            AND SBD.branch_num = SBM.branch_num
            AND SBD.result_planed_kbn = SBM.result_planed_kbn
            INNER JOIN
                project PRJ
            ON
                SBD.pj_id = PRJ.pj_id
            WHERE
                SBD.result_planed_kbn = '1'
            AND SBD.himoku_cd IN ('01','02','08')
            AND SBD.work_to &gt;= CONVERT(date, CONCAT(#{ym},'01'))
            AND SBM.work_ym &gt;= #{ym}
        ) SD
        INNER JOIN
            ma_resource MAR
        ON
            (
                MAR.dept_cd IS NULL
                OR MAR.dept_cd = SD.pro_sales_dept_cd
            )
        AND MAR.himoku_cd = SD.himoku_cd
        AND MAR.dist_resource_cd = SD.dist_resource_cd
        AND use_from = (SELECT
                            MAX(MAR1.use_from)
                        FROM
                            ma_resource MAR1
                        WHERE
                            MAR1.himoku_cd = MAR.himoku_cd
                        AND MAR1.dist_resource_cd = MAR.dist_resource_cd
                        AND MAR1.use_from &lt;= ISNULL(CONVERT(date, CONCAT(SD.work_ym,'01')), #{today})
                        AND (
                                MAR1.dept_cd IS NULL
                                OR MAR1.dept_cd = MAR.dept_cd
                            )
                        )
    </sql>

    <select id="getSekisanData" resultType="jp.co.aeroasahi.tpkt.batch.sbb0202.SBB0202TankaUpdate">
        <include refid="findSbCostData"></include>
    </select>

    <select id="getKingaku" resultType="jp.co.aeroasahi.tpkt.batch.sbb0202.SBB0202TankaUpdate">
        SELECT
            SBDC.pjId,
            SBDC.koteiCd,
            SBDC.branchNum,
            SBDC.resultPlanedKbn,
            SBD_COST.cost,
            MAR2.resource_cd AS resourceCd,
            MAR2.unit_cd AS unitCd,
            MAR2.unit_cost AS unitCost
        FROM
        (
            SELECT
                SBMC.pjId,
                SBMC.koteiCd,
                SBMC.branchNum,
                SBMC.resultPlanedKbn,
                SBMC.proSalesDeptCd,
                SBMC.himokuCd,
                SBMC.distResourceCd,
                SBMC.workTo
            FROM
            (
                <include refid="findSbCostData"></include>
            ) SBMC
            GROUP BY
                SBMC.pjId,
                SBMC.koteiCd,
                SBMC.branchNum,
                SBMC.himokuCd,
                SBMC.resultPlanedKbn,
                SBMC.proSalesDeptCd,
                SBMC.distResourceCd,
                SBMC.workTo
        ) SBDC
        LEFT JOIN
            ma_resource MAR2
        ON
            (
                MAR2.dept_cd IS NULL
                OR MAR2.dept_cd = SBDC.proSalesDeptCd
            )
        AND MAR2.himoku_cd = SBDC.himokuCd
        AND MAR2.dist_resource_cd = SBDC.distResourceCd
        AND use_from = (SELECT
                            MAX(MAR3.use_from)
                        FROM
                            ma_resource MAR3
                        WHERE
                            MAR3.himoku_cd = MAR2.himoku_cd
                        AND MAR3.dist_resource_cd = MAR2.dist_resource_cd
                        AND MAR3.use_from &lt;= ISNULL(CONVERT(date, SBDC.workTo), #{today})
                        AND (
                                MAR3.dept_cd IS NULL
                                OR MAR3.dept_cd = MAR2.dept_cd
                            )
                        )
        LEFT JOIN
            (
                SELECT
                    pj_id,
                    kotei_cd,
                    branch_num,
                    SUM(cost) AS cost
                FROM
                    sb_month_data
                GROUP BY
                    pj_id,
                    kotei_cd,
                    branch_num
            ) SBD_COST
        ON
            SBD_COST.pj_id = SBDC.pjId
        AND SBD_COST.kotei_cd = SBDC.koteiCd
        AND SBD_COST.branch_num = SBDC.branchNum
    </select>

    <update id="updateSbData">
        UPDATE sb_data
            <set>
                resource_cd = #{item.resourceCd},
                unit_cd = #{item.unitCd},
                unit_cost = #{item.unitCost},
                amount = #{item.cost}
            </set>
        WHERE
            pj_id  = #{item.pjId}
        AND kotei_cd  = #{item.koteiCd}
        AND branch_num = #{item.branchNum}
        AND result_planed_kbn = #{item.resultPlanedKbn}
    </update>

    <update id="updateSbMonthData">
        UPDATE sb_month_data
            <set>
                resource_cd = #{item.resourceCd},
                <if test="item.himokuCd == '08'">
                    cost = #{item.cost},
                </if>
                created_at = #{today},
                updated_at = #{today}
            </set>
        WHERE
            pj_id  = #{item.pjId}
        AND kotei_cd  = #{item.koteiCd}
        AND branch_num = #{item.branchNum}
        AND result_planed_kbn = #{item.resultPlanedKbn}
        AND work_ym = #{item.workYm}
    </update>
</mapper>

