<?xml version="1.0" encoding="UTF-8"?>

<configuration>

    <property name="log_dir" value="C:/Tpkt/Logs/TpktBat" />

    <appender name="consoleLog" class="ch.qos.logback.core.ConsoleAppender">
        <encoder>
            <pattern>[%d{yyyy/MM/dd HH:mm:ss}] [%thread] [%-22logger{22}] [%-5level] %msg%n</pattern>
        </encoder>
    </appender>

    <appender name="APPLICATION_LOG_FILE" class="ch.qos.logback.core.rolling.RollingFileAppender">
        <file>${log_dir}/tpkt-batch-application.log</file>
        <rollingPolicy class="ch.qos.logback.core.rolling.TimeBasedRollingPolicy">
            <fileNamePattern>${log_dir}/tpkt-batch-application-%d{yyyyMMdd}.log</fileNamePattern>
            <maxHistory>90</maxHistory>
        </rollingPolicy>
        <encoder>
            <charset>MS932</charset>
            <pattern><![CDATA[date:%d{yyyy-MM-dd HH:mm:ss}\t[%thread]\tlevel:%-5level\tlogger:%-48logger{48}\tmessage:%msg%n]]></pattern>
        </encoder>
    </appender>

    <appender name="MONITORING_LOG_FILE" class="ch.qos.logback.core.rolling.RollingFileAppender">
        <file>${log_dir}/tpkt-batch-monitoring.log</file>
        <filter class="ch.qos.logback.classic.filter.ThresholdFilter">
            <level>error</level>
        </filter>
        <rollingPolicy class="ch.qos.logback.core.rolling.TimeBasedRollingPolicy">
            <fileNamePattern>${log_dir}/tpkt-batch-monitoring-%d{yyyyMMdd}.log</fileNamePattern>
            <maxHistory>90</maxHistory>
        </rollingPolicy>
        <encoder>
            <charset>MS932</charset>
            <pattern><![CDATA[date:%d{yyyy-MM-dd HH:mm:ss}\t[%thread]\tlevel:%-5level\tlogger:%-48logger{48}\tmessage:%msg%n]]></pattern>
        </encoder>
    </appender>

<!--
    <logger name="org.springframework" level="ERROR" />
    <logger name="org.apache.ibatis" level="ERROR" />
    <logger name="org.mybatis.spring" level="ERROR" />
    <logger name="org.hibernate.validator" level="ERROR" />
    <logger name="java.sql.Connection" level="ERROR" />
    <logger name="java.sql.Statement" level="ERROR" />
    <logger name="java.sql.PreparedStatement" level="ERROR" />
    <logger name="java.sql.ResultSet" level="ERROR" />
    <logger name="java.sql.CallableStatement" level="ERROR" />
    <logger name="org.springframework" level="ERROR" />
    <logger name="org.mybatis.spring" level="ERROR" />
    <logger name="org.terasoluna.batch" level="ERROR"/>
-->
<!--
    <root level="warn">
        <appender-ref ref="consoleLog" />
        <appender-ref ref="APPLICATION_LOG_FILE" />
    </root>
    <root level="INFO">
        <appender-ref ref="consoleLog" />
    </root>
 -->
    <logger name="org.terasoluna.gfw.common.exception.ExceptionLogger.Monitoring" additivity="false">
        <level value="ERROR" />
        <appender-ref ref="MONITORING_LOG_FILE" />
    </logger>

    <root level="info">
        <appender-ref ref="consoleLog" />
        <appender-ref ref="APPLICATION_LOG_FILE" />
        <appender-ref ref="MONITORING_LOG_FILE" />
    </root>
</configuration>
