<?xml version="1.0" encoding="UTF-8" ?>
<!DOCTYPE mapper PUBLIC "-//mybatis.org/DTD Mapper 3.0//EN"
        "http://mybatis.org/dtd/mybatis-3-mapper.dtd">

<mapper
    namespace="jp.co.aeroasahi.tpkt.batch.fwb0105.FWB0105Repository">

    <insert id="create">
        INSERT INTO
          temp_sap_account_detail
          (
            BUKRS,
            BELNR,
            GJAHR,
            MONAT,
            BUDAT,
            RBUKRS,
            HKONT,
            PRCTR,
            PROJK,
            EBELN,
            ABLAD,
            WEMPF,
            ZFBDT,
            DMBTR,
            INS_DT,
            UPD_DT
          )
        VALUES
            (
            <choose>
                <when test="BUKRS != ''">
                    #{BUKRS},
                </when>
                <otherwise>
                    NULL,
                </otherwise>
            </choose>
            <choose>
                <when test="BELNR != ''">
                    #{BELNR},
                </when>
                <otherwise>
                    NULL,
                </otherwise>
            </choose>
            <choose>
                <when test="GJAHR != ''">
                    #{GJAHR},
                </when>
                <otherwise>
                    NULL,
                </otherwise>
            </choose>
            <choose>
                <when test="MONAT != ''">
                    #{MONAT},
                </when>
                <otherwise>
                    NULL,
                </otherwise>
            </choose>
            <choose>
                <when test="BUDAT != ''">
                    #{BUDAT},
                </when>
                <otherwise>
                    CONVERT(date, NULL),
                </otherwise>
            </choose>
            <choose>
                <when test="RBUKRS != ''">
                    #{RBUKRS},
                </when>
                <otherwise>
                    NULL,
                </otherwise>
            </choose>
            <choose>
                <when test="HKONT != ''">
                    #{HKONT},
                </when>
                <otherwise>
                    NULL,
                </otherwise>
            </choose>
            <choose>
                <when test="PRCTR != ''">
                    #{PRCTR},
                </when>
                <otherwise>
                    NULL,
                </otherwise>
            </choose>
            <choose>
                <when test="PROJK != ''">
                    #{PROJK},
                </when>
                <otherwise>
                    NULL,
                </otherwise>
            </choose>
            <choose>
                <when test="EBELN != ''">
                    #{EBELN},
                </when>
                <otherwise>
                    NULL,
                </otherwise>
            </choose>
            <choose>
                <when test="ABLAD != ''">
                    #{ABLAD},
                </when>
                <otherwise>
                    NULL,
                </otherwise>
            </choose>
            <choose>
                <when test="WEMPF != ''">
                    #{WEMPF},
                </when>
                <otherwise>
                    NULL,
                </otherwise>
            </choose>
            <choose>
                <when test="ZFBDT != ''">
                    #{ZFBDT},
                </when>
                <otherwise>
                    CONVERT(date, NULL),
                </otherwise>
            </choose>
            <choose>
                <when test="DMBTR != null">
                    #{DMBTR},
                </when>
                <otherwise>
                    NULL,
                </otherwise>
            </choose>
            <choose>
                <when test="INS_DT != ''">
                    #{INS_DT},
                </when>
                <otherwise>
                    NULL,
                </otherwise>
            </choose>
            <choose>
                <when test="UPD_DT != ''">
                    #{UPD_DT}
                </when>
                <otherwise>
                    NULL
                </otherwise>
            </choose>
            )
    </insert>

    <delete id="delete">
        <![CDATA[
        DELETE
        FROM
            temp_sap_account_detail
        WHERE
              BUKRS = #{BUKRS}
            AND
              BELNR = #{BELNR}
            AND
              GJAHR = #{GJAHR}
            AND
              HKONT = #{HKONT}
            AND
              PRCTR = #{PRCTR}
            AND
              PROJK = #{PROJK}
        ]]>
    </delete>
</mapper>
