<?xml version="1.0" encoding="UTF-8" ?>
<!DOCTYPE mapper PUBLIC "-//mybatis.org/DTD Mapper 3.0//EN"
        "http://mybatis.org/dtd/mybatis-3-mapper.dtd">

<mapper namespace="jp.co.aeroasahi.tpkt.batch.mdb0203.MDB0203Repository">

    <select id="findAll" resultType="jp.co.aeroasahi.tpkt.batch.mdb0203.MDB0203Input">
        SELECT
            SP.PSPNR AS PSPNR,
            SP.ZPSPID AS ZPSPID,
            SP.ZPSPNAME AS ZPSPNAME,
            SP.PRCTR AS PRCTR,
            SP.ZSEISANEIGYOTANTOSHA AS ZSEISANEIGYOTANTOSHA,
            MG29.value AS VALUE29,
            MG30.value AS VALUE30,
            SP.ZTORISYUBETU AS ZTORISYUBETU
        FROM
            SAPProject AS SP
        LEFT OUTER JOIN
        (
            SELECT
                SUBSTRING(pj_id, 0, 11) AS prefix_pj_id, pj_id,osatsu_planed_amount,receive_num,received_amount,received_on
            FROM temp_md_receive
            WHERE received_amount IS NOT NULL
            AND canceled = 0
        ) AS TMR
        ON
            SUBSTRING(SP.PSPNR, 0, 11) = TMR.prefix_pj_id
        LEFT OUTER JOIN
        (
            SELECT SUBSTRING(pj_id, 0, 11) AS prefix_pj_id,pj_id,sold_on,sold_amount
              FROM temp_md_sold_amount
              WHERE canceled = '0'
        ) AS TMSA
        ON
            SUBSTRING(SP.PSPNR, 0, 11) = TMSA.prefix_pj_id
        LEFT OUTER JOIN
            (SELECT code, value FROM ma_general where type_id = '29') AS MG29
        ON
            SP.STAT = MG29.code
        LEFT OUTER JOIN
            (SELECT code, value FROM ma_general where type_id = '30') AS MG30
        ON
            SP.STAT = MG30.code
        WHERE
            RIGHT(LEFT(LTRIM(SP.PSPNR),4), 2) IN ('PS', 'RS', 'OS')
            AND SP.ZPSPID IS NOT NULL
            AND SP.STAT IS NOT NULL
        GROUP BY SP.PSPNR, SP.ZPSPID, SP.ZPSPNAME, SP.PRCTR, SP.ZSEISANEIGYOTANTOSHA, MG29.value, MG30.value, SP.ZTORISYUBETU
        ORDER BY SP.PSPNR
    </select>

    <select id="findAllReceive" resultType="jp.co.aeroasahi.tpkt.batch.mdb0203.MDB0203Input">

        SELECT
            REC.pjIdReceive AS pjIdReceive,
            REC.totalReceivedAmount AS totalReceivedAmount,
            SUM(ISNULL(OST.osatsu_planed_amount, 0)) AS totalOsatsuPlanedAmount,
            REC.minReceivedOn AS minReceivedOn
        FROM
        (
            SELECT
                pj_id AS pjIdReceive,
                SUM(received_amount) AS totalReceivedAmount,
                MIN(received_on) AS minReceivedOn
            FROM
                temp_md_receive
            WHERE
                received_amount IS NOT NULL
            AND canceled = 0
            GROUP BY
                pj_id
        ) AS REC
        LEFT OUTER JOIN
        (
            SELECT
                pj_id,
                osatsu_planed_amount,
                received_on
            FROM
                temp_md_receive
            WHERE
                received_amount IS NOT NULL
            AND canceled = 0
            GROUP BY
                pj_id, osatsu_planed_amount, received_on
        ) AS OST
        ON
            OST.pj_id = REC.pjIdReceive
        GROUP BY
            REC.pjIdReceive, REC.totalReceivedAmount, REC.minReceivedOn

    </select>

    <select id="findAllSoldAmount" resultType="jp.co.aeroasahi.tpkt.batch.mdb0203.MDB0203Input">
       SELECT
           pj_id AS pjIdSoldAmount,
           SUM(ISNULL(sold_amount, 0)) AS totalSoldAmount,
           MIN(sold_on) AS minSoldOn,
           MAX(sold_on) AS maxSoldOn
       FROM
           temp_md_sold_amount
       WHERE
           canceled = '0'
       GROUP BY
           pj_id
    </select>

    <select id="findAllByTempProject" resultType="jp.co.aeroasahi.tpkt.batch.mdb0203.MDB0203Output">
        SELECT
            TP.pj_id AS pjId
        FROM
            temp_project TP
    </select>

    <select id="findAllByTempProjectFiscal" resultType="jp.co.aeroasahi.tpkt.batch.mdb0203.MDB0203Output">
        SELECT
            tbl_1.bu_pj_att_id,
            tbl_1.P_SEL_ON AS planedSellingOn,
            tbl_1.LP_SEL_ON AS lastPlannedSalesOn
        FROM
        (
            SELECT
                <!-- なぜ、BUPJIDがプロジェクトテーブルにあるのにわざわざPJIDをsubstring? -->
                PJ.bu_pj_att_id,

                CASE
                    WHEN NOW.URI_YOTEI IS NOT NULL THEN
                        NOW.URI_YOTEI
                    WHEN FTR.URI_YOTEI IS NOT NULL THEN
                        FTR.URI_YOTEI
                    WHEN PST.URI_YOTEI IS NOT NULL THEN
                        PST.URI_YOTEI
                    ELSE
                        PJ.planed_selling_on
                END AS P_SEL_ON,

                LST.URI_YOTEI AS LP_SEL_ON
            FROM
                temp_project AS PJ

            LEFT OUTER JOIN
            (
                SELECT
                    RE1.pj_id,
                    MAX(RE1.planed_selling_on) AS URI_YOTEI
                FROM
                    temp_md_receive AS RE1
                WHERE
                    CONVERT(char(6), RE1.planed_selling_on, 112) &gt;= #{beginOfFiscalYearMonth}
                AND CONVERT(char(6), RE1.planed_selling_on, 112) &lt;= #{endOfFiscalYearMonth}
                AND canceled = 0
                GROUP BY
                    RE1.pj_id
            ) AS NOW
            ON
                PJ.bu_pj_att_id = SUBSTRING(NOW.pj_id, 0, 11)

            LEFT OUTER JOIN
            (
                SELECT
                    RE2.pj_id,
                    MAX(RE2.planed_selling_on) AS URI_YOTEI
                FROM
                    temp_md_receive AS RE2
                WHERE
                    CONVERT(char(6), RE2.planed_selling_on, 112) &gt; #{endOfFiscalYearMonth}
                AND canceled = 0
                GROUP BY
                    RE2.pj_id
            ) AS FTR
            ON
                PJ.bu_pj_att_id = SUBSTRING(FTR.pj_id, 0, 11)

            LEFT OUTER JOIN
            (
                SELECT
                    RE3.pj_id,
                    MAX(RE3.planed_selling_on) AS URI_YOTEI
                FROM
                    temp_md_receive AS RE3
                WHERE
                    CONVERT(char(6), RE3.planed_selling_on, 112) &lt; #{beginOfFiscalYearMonth}
                AND canceled = 0
                GROUP BY
                    RE3.pj_id
            ) AS PST
            ON
                PJ.bu_pj_att_id = SUBSTRING(PST.pj_id, 0, 11)

            LEFT OUTER JOIN
            (
                SELECT
                    RE.pj_id,
                    MAX(RE.planed_selling_on) AS URI_YOTEI
                FROM
                    temp_md_receive AS RE
                WHERE
                    canceled = 0
                GROUP BY
                    RE.pj_id
            ) AS LST
            ON
                PJ.bu_pj_att_id = SUBSTRING(LST.pj_id, 0, 11)
        ) AS tbl_1
        GROUP BY
            tbl_1.bu_pj_att_id,
            tbl_1.P_SEL_ON,
            tbl_1.LP_SEL_ON
    </select>

    <insert id="create">
        INSERT INTO
            temp_project
            (
              pj_id,
              bu_pj_att_id,
              pj_att_id,
              pj_type,
              pj_name,
              pro_sales_dept_cd,
              pro_sales_emp_cd,
              pj_ended,
              pj_status,
              osatsu_planed_amount,
              received_amount,
              received_on,
              planed_selling_on,
              last_sold_on,
              last_planned_sales_on,
              sold_on,
              deal_type,
              created_at,
              updated_at
            )
        VALUES
            (
                #{pjId},
                #{buPjAttId},
                #{pjAttId},
                #{pjType},
                <choose>
                  <when test="pjName != null">
                    #{pjName},
                  </when>
                  <otherwise>
                    NULL,
                  </otherwise>
                </choose>
                <choose>
                  <when test="proSalesDeptCd != null">
                    #{proSalesDeptCd},
                  </when>
                  <otherwise>
                    NULL,
                  </otherwise>
                </choose>
                <choose>
                  <when test="proSalesEmpCd != null">
                    #{proSalesEmpCd},
                  </when>
                  <otherwise>
                    NULL,
                  </otherwise>
                </choose>
                #{pjEnded},
                #{pjStatus},
                <choose>
                  <when test="osatsuPlanedAmount != null">
                    #{osatsuPlanedAmount},
                  </when>
                  <otherwise>
                    NULL,
                  </otherwise>
                </choose>
                <choose>
                  <when test="receivedAmount != null">
                    #{receivedAmount},
                  </when>
                  <otherwise>
                    NULL,
                  </otherwise>
                </choose>
                CONVERT(date, #{receivedOn}),
                CONVERT(date, #{planedSellingOn}),
                CONVERT(date, #{lastSoldOn}),
                CONVERT(date, #{lastPlannedSalesOn}),
                CONVERT(date, #{soldOn}),
                #{dealType},
                #{createdAt},
                #{updatedAt}
            )
    </insert>

    <update id="update"  parameterType="java.util.List">
           UPDATE temp_project
           <set>
                pj_name = #{pjName},
                pro_sales_dept_cd = #{proSalesDeptCd},
                pro_sales_emp_cd = #{proSalesEmpCd},
                pj_ended = #{pjEnded},
                pj_status = #{pjStatus},
                osatsu_planed_amount = #{osatsuPlanedAmount},
                received_amount = #{receivedAmount},
                received_on = CONVERT(date, #{receivedOn}),
                last_sold_on = CONVERT(date, #{lastSoldOn}),
                sold_on = CONVERT(date, #{soldOn}),
                deal_type = #{dealType},
                updated_at = #{updatedAt}
           </set>
           WHERE
                pj_id = #{pjId}
    </update>

    <update id="updateTempProjectFiscal">
           UPDATE temp_project
           <set>
                planed_selling_on = CONVERT(date, #{planedSellingOn}),
                last_planned_sales_on = CONVERT(date, #{lastPlannedSalesOn}),
                updated_at = #{updatedAt}
           </set>
           WHERE
                bu_pj_att_id = #{buPjAttId}
    </update>

</mapper>

