<?xml version="1.0" encoding="UTF-8" ?>
<!DOCTYPE mapper PUBLIC "-//mybatis.org/DTD Mapper 3.0//EN"
        "http://mybatis.org/dtd/mybatis-3-mapper.dtd">

<mapper namespace="jp.co.aeroasahi.tpkt.batch.mdb0803.MDB0803Repository">

    <select id="findAllByFiscalYearMonth" resultType="jp.co.aeroasahi.tpkt.batch.mdb0803.MDB0803Input">
        SELECT
            MDC.dept_cd AS deptCd,
            MD.dept_name AS deptName,
            MMK.himoku_cd AS himokuCd,
            MMK.himoku_name AS himokuName,
            MDC.kamoku_cd AS kamokuCd,
            CASE
                WHEN MMK.kamoku_name IS NULL THEN MMDC.disp_name
                ELSE MMK.kamoku_name
            END AS kamokuName,
            MD.branch_cd AS branchCd,
            MD.branch_name AS branchName,
            MD.dept_m_cd AS deptMCd,
            MD.dept_m_name AS deptMName,
            MD.dept_s_cd AS deptSCd,
            MD.dept_s_name AS deptSName,
            MD.dept_type AS deptType,
            MDC.fiscal_year AS fiscalYear,
            MDC.fiscal_month AS fiscalMonth,
            MDC.result_planed_kbn AS resultPlanedKbn,
            MDC.cost AS cost,
            MMDDO.disp_order AS dispOrder
        FROM
            md_dept_cost AS MDC
        LEFT OUTER JOIN
            md_ma_kamoku AS MMK
        ON
            MDC.kamoku_cd = MMK.kamoku_cd

        INNER JOIN
            ma_dept AS MD
        ON
            MDC.dept_cd = MD.dept_cd
            AND MD.effective_from = (SELECT
                                           MAX(MD_2.effective_from)
                                       FROM
                                           ma_dept AS MD_2
                                       WHERE
                                           MD_2.dept_cd = MD.dept_cd
                                       AND MD_2.effective_from &lt;= CONCAT(
                                            year(cast(dateadd(month,3,CONCAT(MDC.fiscal_year,  '-', RIGHT('00' + CONVERT(varchar,MDC.fiscal_month),2), '-01')) as datetime)) ,
                                            '-',
                                            RIGHT('00' + CONVERT(varchar,month(cast(dateadd(month,4,CONCAT(MDC.fiscal_year,  '-', RIGHT('00' + CONVERT(varchar,MDC.fiscal_month),2), '-01')) as datetime) -1)),2),
                                            '-',
                                            day(cast(dateadd(month,4,CONCAT(MDC.fiscal_year,  '-', RIGHT('00' + CONVERT(varchar,MDC.fiscal_month),2), '-01')) as datetime) - 1)
                                            )
                                      )
        LEFT OUTER JOIN
            md_ma_dept_disp_order AS MMDDO
        ON
            (MDC.fiscal_year = MMDDO.fiscal_year
        AND MDC.dept_cd = MMDDO.disp_dept_cd)
        LEFT OUTER JOIN
            md_ma_dept_cost AS MMDC
        ON
            MDC.kamoku_cd = MMDC.kamoku_cd
        WHERE
              CONCAT(MDC.fiscal_year, RIGHT('00' + CONVERT(varchar,MDC.fiscal_month),2)) &gt;= #{GJAHR1} + #{MONAT1}

    </select>

    <delete id="delete">
        DELETE
        FROM
            temp_md_disp_dept_cost
    </delete>

    <insert id="create">
        INSERT INTO
            temp_md_disp_dept_cost
            (
              dept_cd,
              dept_name,
              himoku_cd,
              himoku_name,
              kamoku_cd,
              kamoku_name,
              dept_branch_cd,
              dept_branch_name,
              m_dept_cd,
              m_dept_name,
              s_dept_cd,
              s_dept_name,
              cost_kind,
              fiscal_year,
              fiscal_month,
              result_planed_kbn,
              cost,
              sort_num_dept
            )
        VALUES
            (
                #{deptCd},
            <choose>
              <when test="deptName != null">
                #{deptName},
              </when>
              <otherwise>
                NULL,
              </otherwise>
            </choose>
            <choose>
              <when test="himokuCd != null">
                #{himokuCd},
              </when>
              <otherwise>
                NULL,
              </otherwise>
            </choose>
            <choose>
              <when test="himokuName != null">
                #{himokuName},
              </when>
              <otherwise>
                NULL,
              </otherwise>
            </choose>
                #{kamokuCd},
            <choose>
              <when test="kamokuName != null">
                #{kamokuName},
              </when>
              <otherwise>
                NULL,
              </otherwise>
            </choose>
            <choose>
              <when test="deptBranchCd != null">
                #{deptBranchCd},
              </when>
              <otherwise>
                NULL,
              </otherwise>
            </choose>
            <choose>
              <when test="deptBranchName != null">
                #{deptBranchName},
              </when>
              <otherwise>
                NULL,
              </otherwise>
            </choose>
            <choose>
              <when test="mDeptCd != null">
                #{mDeptCd},
              </when>
              <otherwise>
                NULL,
              </otherwise>
            </choose>
            <choose>
              <when test="mDeptName != null">
                #{mDeptName},
              </when>
              <otherwise>
                NULL,
              </otherwise>
            </choose>
            <choose>
              <when test="sDeptCd != null">
                #{sDeptCd},
              </when>
              <otherwise>
                NULL,
              </otherwise>
            </choose>
            <choose>
              <when test="sDeptName != null">
                #{sDeptName},
              </when>
              <otherwise>
                NULL,
              </otherwise>
            </choose>
            <choose>
              <when test="costKind != null">
                #{costKind},
              </when>
              <otherwise>
                NULL,
              </otherwise>
            </choose>
            <choose>
              <when test="fiscalYear != null">
                #{fiscalYear},
              </when>
              <otherwise>
                NULL,
              </otherwise>
            </choose>
            <choose>
              <when test="fiscalMonth != null">
                #{fiscalMonth},
              </when>
              <otherwise>
                NULL,
              </otherwise>
            </choose>
            <choose>
              <when test="resultPlanedKbn != null">
                #{resultPlanedKbn},
              </when>
              <otherwise>
                NULL,
              </otherwise>
            </choose>
            <choose>
              <when test="cost != null">
                #{cost},
              </when>
              <otherwise>
                NULL,
              </otherwise>
            </choose>
            <choose>
              <when test="sortNumDept != null">
                #{sortNumDept}
              </when>
              <otherwise>
                NULL
              </otherwise>
            </choose>
            )
    </insert>

</mapper>
