<?xml version="1.0" encoding="UTF-8" ?>
<!DOCTYPE mapper PUBLIC "-//mybatis.org/DTD Mapper 3.0//EN"
        "http://mybatis.org/dtd/mybatis-3-mapper.dtd">

<mapper namespace="jp.co.aeroasahi.tpkt.batch.mdb0201.MDB0201Repository">

    <select id="findAllByOrderCompar" resultType="jp.co.aeroasahi.tpkt.batch.mdb0201.MDB0201OrderOutput">
        SELECT
            T.bu AS bu,
            T.receiveNum AS receiveNum,
            T.receiveDtlNum AS receiveDtlNum,
            T.pjId AS pjId,
            T.receivedAmount AS receivedAmount
        FROM
            (
                SELECT
                        TMR.bu AS bu,
                        TMR.receive_num AS receiveNum,
                        CASE WHEN SUBSTRING(TMR.receive_num, 0, 3) = '1S'  THEN
                                '10' + SUBSTRING(TMR.receive_num, 3, 10)
                             WHEN SUBSTRING(TMR.receive_num, 0, 4) = 'AAC'  THEN
                                '000' + SUBSTRING(TMR.receive_num, 4, 10)
                        ELSE
                            TMR.receive_num
                        END AS receiveNumOrder,
                        TMR.receive_dtl_num AS receiveDtlNum,
                        TMR.pj_id AS pjId,
                        TMR.received_amount AS receivedAmount,
                        TMR.sold_on AS soldOn
                FROM
                        temp_md_receive TMR
                WHERE
                        TMR.received_on IS NOT NULL
                AND TMR.planed_selling_on IS NOT NULL
                AND TMR.received_amount IS NOT NULL
                AND TMR.received_amount != 0
                AND TMR.sold_on IS NULL
                AND TMR.canceled = 0
             ) T
        ORDER BY
                T.receiveNumOrder, T.receiveDtlNum, T.pjId, T.soldOn
    </select>

    <select id="findAllBySaleCompar" resultType="jp.co.aeroasahi.tpkt.batch.mdb0201.MDB0201SaleOutput">
        SELECT
            TMSA.pj_id AS pj_id,
            TMSA.sold_on AS soldOn,
            TMSA.sold_amount AS soldAmount,
            'false' AS deleteFlag
        FROM
            temp_md_sold_amount TMSA
        WHERE
            TMSA.sold_amount IS NOT NULL
        AND TMSA.sold_amount != 0
        AND TMSA.canceled = 0
        AND TMSA.pj_id IN ( ${pjIdList} )
        ORDER BY TMSA.voucher_num, TMSA.pj_id, TMSA.ym, TMSA.sold_on
    </select>

    <update id="updateOrder">
           UPDATE temp_md_receive
           <set>
                canceled = #{canceled},
                <choose>
                  <when test="updatedAt != null">
                    updated_at = #{updatedAt}
                  </when>
                  <otherwise>
                    updated_at = CONVERT(date, NULL)
                  </otherwise>
                </choose>
            </set>
            WHERE
                bu = #{bu}
            AND receive_num = #{receiveNum}
            AND receive_dtl_num = #{receiveDtlNum}
            AND pj_id = #{pjId}
    </update>

    <update id="updateOrderSoldOn">
           UPDATE temp_md_receive
           <set>
                <choose>
                  <when test="soldOn != null">
                    sold_on = #{soldOn},
                  </when>
                  <otherwise>
                    sold_on = CONVERT(date, NULL),
                  </otherwise>
                </choose>
                <choose>
                  <when test="updatedAt != null">
                    updated_at = #{updatedAt}
                  </when>
                  <otherwise>
                    updated_at = CONVERT(date, NULL)
                  </otherwise>
                </choose>
            </set>
            WHERE
                bu = #{bu}
            AND receive_num = #{receiveNum}
            AND receive_dtl_num = #{receiveDtlNum}
            AND pj_id = #{pjId}
    </update>

    <select id="findAllByOrderUpdate" resultType="jp.co.aeroasahi.tpkt.batch.mdb0201.MDB0201OrderOutput">
        SELECT
            TMR.bu AS bu,
            TMR.receive_num AS receiveNum,
            TMR.receive_dtl_num AS receiveDtlNum,
            TMR.pj_id AS pjId,
            TMR.received_on AS receivedOn,
            TMR.received_amount AS receivedAmount,
            TMR.planed_selling_on AS planedSellingOn,
            TMR.canceled AS canceled
        FROM
            temp_md_receive TMR

        WHERE
             TMR.pj_id IN (${pjidListStr})
        ORDER BY TMR.pj_id, TMR.receive_num, TMR.receive_dtl_num
    </select>

    <update id="updateSale">
           UPDATE temp_md_sold_amount
           <set>
                canceled = #{canceled},
                <choose>
                  <when test="updatedAt != null">
                    updated_at = #{updatedAt}
                  </when>
                  <otherwise>
                    updated_at = CONVERT(date, NULL)
                  </otherwise>
                </choose>
            </set>
            WHERE
                voucher_num = #{voucherNum}
            AND pj_id = #{pjId}
            AND ym = #{ym}
    </update>

    <select id="findAllByPjIds" resultType="jp.co.aeroasahi.tpkt.batch.mdb0201.MDB0201SaleOutput" parameterType="List">
        SELECT
              bu AS bu,
              voucher_num AS voucherNum,
              pj_att_id AS pjAttId,
              pj_id AS pjId,
              himoku_cd AS himokuCd,
              ym AS ym,
              sold_on AS soldOn,
              sold_amount AS soldAmount,
              dept_cd AS deptCd,
              canceled AS canceled,
              created_at AS createdAt,
              updated_at AS updatedAt
        FROM temp_md_sold_amount
        WHERE
             pj_id IN
        <foreach item="pjId" collection="pjIdList"
                open="(" separator="," close=")">
                #{pjId}
        </foreach>
        ORDER BY voucher_num, pj_id, ym, sold_on
    </select>

    <select id="findAllSale" resultType="jp.co.aeroasahi.tpkt.batch.mdb0201.MDB0201SaleInput">
        SELECT
            MBC.bu AS bu,
            SAD.RBUKRS AS RBUKRS,
            SAD.PROJK AS PROJK,
            SAD.HKONT AS HKONT,
            SAD.GJAHR AS GJAHR,
            SAD.MONAT AS MONAT,
            MAX(SAD.BUDAT) AS BUDAT,
            SUM(SAD.DMBTR) AS DMBTR,
            SAD.PRCTR AS PRCTR,
            MAX(SAD.BELNR) AS BELNR
        FROM
            SAPAccountDetail SAD,
            ma_bu_conv MBC
        WHERE
            SUBSTRING(SAD.PROJK, 1, 2) = MBC.plant
        AND SUBSTRING(LTRIM(SAD.PROJK), 3, 2) IN ('PS', 'RS', 'OS')
        AND SAD.HKONT IN ('41210001', '42210001')
        AND SAD.RBUKRS != ''
        AND (
                (SAD.GJAHR = #{GJAHR1} AND SAD.MONAT = #{MONAT1})
                OR
                (SAD.GJAHR = #{GJAHR2} AND SAD.MONAT = #{MONAT2})
            )
        AND SAD.RBUKRS IS NOT NULL
        GROUP BY
            MBC.bu,
            SAD.RBUKRS,
            SAD.PROJK,
            SAD.HKONT,
            SAD.GJAHR,
            SAD.MONAT,
            SAD.PRCTR

    </select>

    <delete id="deleteSale">
        DELETE
        FROM
            temp_md_sold_amount
        WHERE
            ym = #{GJAHR1} + #{MONAT1}
          OR
            ym = #{GJAHR2} + #{MONAT2}
    </delete>

    <insert id="createSale">
        INSERT INTO
            temp_md_sold_amount
            (
              bu,
              voucher_num,
              pj_att_id,
              pj_id,
              himoku_cd,
              ym,
              sold_on,
              sold_amount,
              dept_cd,
              canceled,
              created_at,
              updated_at
            )
        VALUES
            (
                #{bu},
                #{voucherNum},
                #{pjAttId},
                #{pjId},
                #{himokuCd},
                #{ym},
                <choose>
                  <when test="soldOn != null">
                    #{soldOn},
                  </when>
                  <otherwise>
                    CONVERT(date, NULL),
                  </otherwise>
                </choose>
                <choose>
                  <when test="soldAmount != null">
                    #{soldAmount},
                  </when>
                  <otherwise>
                    NULL,
                  </otherwise>
                </choose>
                <choose>
                  <when test="deptCd != null">
                    #{deptCd},
                  </when>
                  <otherwise>
                    NULL,
                  </otherwise>
                </choose>
                #{canceled},
                #{createdAt},
                #{updatedAt}
            )
    </insert>

    <select id="findAllOrder" resultType="jp.co.aeroasahi.tpkt.batch.mdb0201.MDB0201OrderInput">
        SELECT
            MBC.bu AS bu,
            SRO.VBELN AS vbeln,
            SRO.POSNR AS posnr,
            SRO.PS_PSP_PNR AS psPspPnr,
            SRO.AUDAT AS audat,
            SRO.NETWR AS netwr,
            SRO.FKDAT AS fkdat,
            SRO.ZSEKISANA3 AS zsekisana3,
            SRO.ZKOUFLAG AS zkouflag,
            SRO.ZSEKISANR3 AS zsekisanr3
        FROM
            SAPReceiveOrder SRO,
            ma_bu_conv MBC
        WHERE
            SUBSTRING(SRO.PS_PSP_PNR, 1, 2) = MBC.plant
        AND SUBSTRING(LTRIM(SRO.PS_PSP_PNR), 3, 2) IN ('PS', 'RS', 'OS')
        AND SRO.UPD_DT &gt;= #{systemYMD}
        ORDER BY SRO.VBELN, SRO.POSNR, SRO.PS_PSP_PNR
    </select>

    <delete id="deleteOrder">
        DELETE
        A
        FROM temp_md_receive A ,
            (SELECT
                MBC.bu AS bu,
                SRO.VBELN AS vbeln,
                SRO.POSNR AS posnr,
                SRO.PS_PSP_PNR AS psPspPnr
            FROM
                SAPReceiveOrder SRO,
                ma_bu_conv MBC
            WHERE
                SUBSTRING(SRO.PS_PSP_PNR, 1, 2) = MBC.plant
            AND SUBSTRING(LTRIM(SRO.PS_PSP_PNR), 3, 2) IN ('PS', 'RS', 'OS')
            AND SRO.UPD_DT &gt;= #{systemYMD}) B

        WHERE
            A.bu = B.bu
        AND A.receive_num = B.vbeln
        AND A.receive_dtl_num = B.posnr
        AND A.pj_id = B.psPspPnr
    </delete>

    <insert id="createOrder">
        INSERT INTO
            temp_md_receive
            (
              bu,
              receive_num,
              receive_dtl_num,
              pj_att_id,
              pj_id,
              received_on,
              received_amount,
              planed_selling_on,
              sold_on,
              osatsu_planed_amount,
              high_cost_receive,
              received_planed_rate,
              canceled,
              created_at,
              updated_at
            )
        VALUES
            (
                #{bu},
                #{receiveNum},
                #{receiveDtlNum},
                #{pjAttId},
                #{pjId},
                <choose>
                  <when test="receivedOn != null">
                    #{receivedOn},
                  </when>
                  <otherwise>
                    CONVERT(date, NULL),
                  </otherwise>
                </choose>
                <choose>
                  <when test="receivedAmount != null">
                    #{receivedAmount},
                  </when>
                  <otherwise>
                    NULL,
                  </otherwise>
                </choose>
                <choose>
                  <when test="planedSellingOn != null">
                    #{planedSellingOn},
                  </when>
                  <otherwise>
                    CONVERT(date, NULL),
                  </otherwise>
                </choose>
                <choose>
                  <when test="soldOn != null">
                    #{soldOn},
                  </when>
                  <otherwise>
                    CONVERT(date, NULL),
                  </otherwise>
                </choose>
                <choose>
                  <when test="osatsuPlanedAmount != null">
                    #{osatsuPlanedAmount},
                  </when>
                  <otherwise>
                    NULL,
                  </otherwise>
                </choose>
                #{highCostReceive},
                <choose>
                  <when test="receivedPlanedRate != null">
                    #{receivedPlanedRate},
                  </when>
                  <otherwise>
                    NULL,
                  </otherwise>
                </choose>
                #{canceled},
                #{createdAt},
                #{updatedAt}
            )
    </insert>

    <select id="findAllByMaxUpdDt" resultType="string">
        SELECT
            MAX(UPD_DT)
        FROM
            SAPReceiveOrder
    </select>

    <update id="updateBySoldOn">
        UPDATE
             temp_md_receive
         SET sold_on = CONVERT(date, NULL)
    </update>

</mapper>

