<?xml version="1.0" encoding="UTF-8" ?>
<!DOCTYPE mapper PUBLIC "-//mybatis.org/DTD Mapper 3.0//EN"
        "http://mybatis.org/dtd/mybatis-3-mapper.dtd">

<mapper namespace="jp.co.aeroasahi.tpkt.batch.fwb0112.FWB0112Repository">

    <select id="findAll" resultType="jp.co.aeroasahi.tpkt.batch.fwb0112.FWB0112Output">
        SELECT
          TSPA.ZPSPID AS ZPSPID
        FROM
          temp_sap_project_attribute TSPA
    </select>

    <select id="findAllByTypeId" resultType="jp.co.aeroasahi.tpkt.batch.fwb0112.FWB0112Output">
        SELECT
           code AS code,
           value AS value
        FROM
           ma_general
        WHERE
           type_id = '30'
    </select>

    <insert id="create">
        INSERT INTO
            temp_sap_project_attribute
            (
              ZPSPID,
              ZPSPNAME,
              ZEIGYOSHUKANBUMON,
              ZEIGYOTANTO,
              ZSEISANSHUKANBUMON,
              ZPRODUCER,
              ZBUKKENTANTO,
              ZBUKKENTANTOBUMON,
              ZTOKUISAKI,
              ZBUNYACD,
              ZGYOUMUCD,
              STAT,
              DATEFLG,
              ZLEASEFLAG,
              ZKEIYAKUMEI,
              ZMEIGIKAISHA,
              ZKEYAKUKOKIB,
              ZKEYAKUKOKIE,
              INS_DT,
              UPD_DT
            )
        VALUES
         (
            <choose>
              <when test="ZPSPID != ''">
                #{ZPSPID},
              </when>
              <otherwise>
                NULL,
              </otherwise>
            </choose>
            <choose>
              <when test="ZPSPNAME != ''">
                #{ZPSPNAME},
              </when>
              <otherwise>
                NULL,
              </otherwise>
            </choose>
            <choose>
              <when test="ZEIGYOSHUKANBUMON != ''">
                #{ZEIGYOSHUKANBUMON},
              </when>
              <otherwise>
                NULL,
              </otherwise>
            </choose>
            <choose>
              <when test="ZEIGYOTANTO != ''">
                #{ZEIGYOTANTO},
              </when>
              <otherwise>
                NULL,
              </otherwise>
            </choose>
            <choose>
              <when test="ZSEISANSHUKANBUMON != ''">
                #{ZSEISANSHUKANBUMON},
              </when>
              <otherwise>
                NULL,
              </otherwise>
            </choose>
            <choose>
              <when test="ZPRODUCER != ''">
                #{ZPRODUCER},
              </when>
              <otherwise>
                NULL,
              </otherwise>
            </choose>
            <choose>
              <when test="ZBUKKENTANTO != ''">
                #{ZBUKKENTANTO},
              </when>
              <otherwise>
                NULL,
              </otherwise>
            </choose>
            <choose>
              <when test="ZBUKKENTANTOBUMON != ''">
                #{ZBUKKENTANTOBUMON},
              </when>
              <otherwise>
                NULL,
              </otherwise>
            </choose>
            <choose>
              <when test="ZTOKUISAKI != ''">
                #{ZTOKUISAKI},
              </when>
              <otherwise>
                NULL,
              </otherwise>
            </choose>
            <choose>
              <when test="ZBUNYACD != ''">
                #{ZBUNYACD},
              </when>
              <otherwise>
                NULL,
              </otherwise>
            </choose>
            <choose>
              <when test="ZGYOUMUCD != ''">
                #{ZGYOUMUCD},
              </when>
              <otherwise>
                NULL,
              </otherwise>
            </choose>
            <choose>
              <when test="STAT != ''">
                #{STAT},
              </when>
              <otherwise>
                NULL,
              </otherwise>
            </choose>
            <choose>
              <when test="DATEFLG != ''">
                #{DATEFLG},
              </when>
              <otherwise>
                NULL,
              </otherwise>
            </choose>
            <choose>
              <when test="ZLEASEFLAG != ''">
                #{ZLEASEFLAG},
              </when>
              <otherwise>
                NULL,
              </otherwise>
            </choose>
            <choose>
              <when test="ZKEIYAKUMEI != ''">
                #{ZKEIYAKUMEI},
              </when>
              <otherwise>
                NULL,
              </otherwise>
            </choose>
            <choose>
              <when test="ZMEIGIKAISHA != ''">
                #{ZMEIGIKAISHA},
              </when>
              <otherwise>
                NULL,
              </otherwise>
            </choose>
            <choose>
              <when test="ZKEYAKUKOKIB != null">
                #{ZKEYAKUKOKIB},
              </when>
              <otherwise>
                CONVERT(date, NULL),
              </otherwise>
            </choose>
            <choose>
              <when test="ZKEYAKUKOKIE != null">
                #{ZKEYAKUKOKIE},
              </when>
              <otherwise>
                CONVERT(date, NULL),
              </otherwise>
            </choose>
              #{INS_DT},
              #{UPD_DT}
        )
    </insert>

    <update id="update">
            UPDATE temp_sap_project_attribute
            <set>
                <choose>
                  <when test="ZPSPNAME != ''">
                    ZPSPNAME = #{ZPSPNAME},
                  </when>
                  <otherwise>
                    ZPSPNAME = NULL,
                  </otherwise>
                </choose>
                <choose>
                  <when test="ZEIGYOSHUKANBUMON != ''">
                    ZEIGYOSHUKANBUMON = #{ZEIGYOSHUKANBUMON},
                  </when>
                  <otherwise>
                    ZEIGYOSHUKANBUMON = NULL,
                  </otherwise>
                </choose>
                <choose>
                  <when test="ZEIGYOTANTO != ''">
                    ZEIGYOTANTO = #{ZEIGYOTANTO},
                  </when>
                  <otherwise>
                    ZEIGYOTANTO = NULL,
                  </otherwise>
                </choose>
                <choose>
                  <when test="ZSEISANSHUKANBUMON != ''">
                    ZSEISANSHUKANBUMON = #{ZSEISANSHUKANBUMON},
                  </when>
                  <otherwise>
                    ZSEISANSHUKANBUMON = NULL,
                  </otherwise>
                </choose>
                <choose>
                  <when test="ZPRODUCER != ''">
                    ZPRODUCER = #{ZPRODUCER},
                  </when>
                  <otherwise>
                    ZPRODUCER = NULL,
                  </otherwise>
                </choose>
                <choose>
                  <when test="ZBUKKENTANTO != ''">
                    ZBUKKENTANTO = #{ZBUKKENTANTO},
                  </when>
                  <otherwise>
                    ZBUKKENTANTO = NULL,
                  </otherwise>
                </choose>
                <choose>
                  <when test="ZBUKKENTANTOBUMON != ''">
                    ZBUKKENTANTOBUMON = #{ZBUKKENTANTOBUMON},
                  </when>
                  <otherwise>
                    ZBUKKENTANTOBUMON = NULL,
                  </otherwise>
                </choose>
                <choose>
                  <when test="ZTOKUISAKI != ''">
                    ZTOKUISAKI = #{ZTOKUISAKI},
                  </when>
                  <otherwise>
                    ZTOKUISAKI = NULL,
                  </otherwise>
                </choose>
                <choose>
                  <when test="ZBUNYACD != ''">
                    ZBUNYACD = #{ZBUNYACD},
                  </when>
                  <otherwise>
                    ZBUNYACD = NULL,
                  </otherwise>
                </choose>
                <choose>
                  <when test="ZGYOUMUCD != ''">
                    ZGYOUMUCD = #{ZGYOUMUCD},
                  </when>
                  <otherwise>
                    ZGYOUMUCD = NULL,
                  </otherwise>
                </choose>
                <choose>
                  <when test="STAT != ''">
                    STAT = #{STAT},
                  </when>
                  <otherwise>
                    STAT = NULL,
                  </otherwise>
                </choose>
                <choose>
                  <when test="DATEFLG != ''">
                    DATEFLG = #{DATEFLG},
                  </when>
                  <otherwise>
                    DATEFLG = NULL,
                  </otherwise>
                </choose>
                <choose>
                  <when test="ZLEASEFLAG != ''">
                    ZLEASEFLAG = #{ZLEASEFLAG},
                  </when>
                  <otherwise>
                    ZLEASEFLAG = NULL,
                  </otherwise>
                </choose>
                <choose>
                  <when test="ZKEIYAKUMEI != ''">
                    ZKEIYAKUMEI = #{ZKEIYAKUMEI},
                  </when>
                  <otherwise>
                    ZKEIYAKUMEI = NULL,
                  </otherwise>
                </choose>
                <choose>
                  <when test="ZMEIGIKAISHA != ''">
                    ZMEIGIKAISHA = #{ZMEIGIKAISHA},
                  </when>
                  <otherwise>
                    ZMEIGIKAISHA = NULL,
                  </otherwise>
                </choose>
                <choose>
                  <when test="ZKEYAKUKOKIB != null">
                    ZKEYAKUKOKIB = #{ZKEYAKUKOKIB},
                  </when>
                  <otherwise>
                    ZKEYAKUKOKIB = CONVERT(date, NULL),
                  </otherwise>
                </choose>
                <choose>
                  <when test="ZKEYAKUKOKIE != null">
                    ZKEYAKUKOKIE = #{ZKEYAKUKOKIE},
                  </when>
                  <otherwise>
                    ZKEYAKUKOKIE = CONVERT(date, NULL),
                  </otherwise>
                </choose>
                  UPD_DT = #{UPD_DT}
            </set>
            WHERE
                ZPSPID = #{ZPSPID}
    </update>

    <select id="findAllTpkt" resultType="jp.co.aeroasahi.tpkt.batch.fwb0112.FWB0112TpktOutput">
        SELECT
          TPA.pj_att_id AS pjAttId
        FROM
          temp_project_attribute TPA
    </select>

    <insert id="tpktCreate">
        INSERT INTO
            temp_project_attribute
            (
                pj_att_id,
                pj_att_name,
                sales_main_dept_cd,
                sales_main_dept_emp_cd,
                product_dept_cd,
                product_emp_cd,
                pj_manage_resp_dept_cd,
                pj_manage_resp_emp_cd,
                customer_cd,
                field_cd,
                business_cd,
                pj_status,
                working_kbn,
                lease,
                contract_name,
                contract_from,
                contract_to,
                created_at,
                updated_at
            )
        VALUES
        (
            #{pjAttId},
            #{pjAttName},
            #{salesMainDeptCd},
            #{salesMainDeptEmpCd},
            #{productDeptCd},
            #{productEmpCd},
            #{pjManageRespDeptCd},
            #{pjManageRespEmpCd},
            #{customerCd},
            #{fieldCd},
            #{businessCd},
            #{pjStatus},
            #{workingKbn},
            #{lease},
            #{contractName},
            <choose>
              <when test="contractFrom != null">
                #{contractFrom},
              </when>
              <otherwise>
                CONVERT(date, NULL),
              </otherwise>
            </choose>
            <choose>
              <when test="contractTo != null">
                #{contractTo},
              </when>
              <otherwise>
                CONVERT(date, NULL),
              </otherwise>
            </choose>
            #{createdAt},
            #{updatedAt}
        )
    </insert>

    <update id="tpktUpdate">
            UPDATE temp_project_attribute
            <set>
                pj_att_name = #{pjAttName},
                sales_main_dept_cd = #{salesMainDeptCd},
                sales_main_dept_emp_cd = #{salesMainDeptEmpCd},
                product_dept_cd = #{productDeptCd},
                product_emp_cd = #{productEmpCd},
                pj_manage_resp_dept_cd = #{pjManageRespDeptCd},
                pj_manage_resp_emp_cd = #{pjManageRespEmpCd},
                customer_cd = #{customerCd},
                field_cd = #{fieldCd},
                business_cd = #{businessCd},
                pj_status = #{pjStatus},
                working_kbn = #{workingKbn},
                lease = #{lease},
                contract_name = #{contractName},
                <choose>
                  <when test="contractFrom != null">
                    contract_from = #{contractFrom},
                  </when>
                  <otherwise>
                    contract_from = CONVERT(date, NULL),
                  </otherwise>
                </choose>
                <choose>
                  <when test="contractTo != null">
                    contract_to = #{contractTo},
                  </when>
                  <otherwise>
                    contract_to = CONVERT(date, NULL),
                  </otherwise>
                </choose>
                updated_at = #{updatedAt}
            </set>
            WHERE
                pj_att_id = #{pjAttId}
    </update>

</mapper>
