<?xml version="1.0" encoding="UTF-8" ?>
<!DOCTYPE mapper PUBLIC "-//mybatis.org/DTD Mapper 3.0//EN"
        "http://mybatis.org/dtd/mybatis-3-mapper.dtd">

<mapper namespace="jp.co.aeroasahi.tpkt.batch.mdb0003.MDB0003DataCopyRepository">

    <insert id="dataCopy">
        {call pr_SapBatchDataCopy
        (
          #{fromTable},
          #{toTable}
        )}
    </insert>

    <insert id="dataCopy3">
        {call pr_BatchDataCopy3
        (
          #{fromTable},
          #{toTable},
          #{ym},
          #{specifiedMonth}
        )}
    </insert>

    <insert id="dataCopy4">
        {call pr_BatchDataCopy4
        (
          #{fromTable},
          #{toTable}
        )}
    </insert>

    <insert id="dataCopy5">
        {call pr_BatchDataCopy5
        (
          #{fromTable},
          #{toTable}
        )}
    </insert>

    <insert id="dataCopy6">
        {call pr_BatchDataCopy6
        (
          #{fromTable},
          #{toTable},
          #{ym},
          #{ym1},
          #{ym2},
          #{specifiedMonth}
        )}
    </insert>

    <update id="dataCopyMdDeptPersonalKosu">
        MERGE INTO
            md_dept_personal_kosu AS aliasTo
        USING
            temp_md_dept_personal_kosu AS aliasFrom
        ON
            aliasTo.dept_cd = aliasFrom.dept_cd
        AND aliasTo.ym = aliasFrom.ym
        AND aliasTo.emp_kbn = aliasFrom.emp_kbn
        AND aliasTo.emp_cd = aliasFrom.emp_cd
        WHEN MATCHED THEN
            UPDATE SET
                dept_cd = aliasFrom.dept_cd,
                ym = aliasFrom.ym,
                emp_kbn = aliasFrom.emp_kbn,
                emp_cd = aliasFrom.emp_cd,
                total_kosu = aliasFrom.total_kosu,
                created_at = aliasFrom.created_at,
                updated_at = aliasFrom.updated_at
        WHEN NOT MATCHED THEN
            INSERT
            VALUES(
                    aliasFrom.dept_cd,
                    aliasFrom.ym,
                    aliasFrom.emp_kbn,
                    aliasFrom.emp_cd,
                    aliasFrom.total_kosu,
                    aliasFrom.created_at,
                    aliasFrom.updated_at
                  );
    </update>

    <update id="dataCopyMdReceive">
        MERGE INTO
            md_receive AS aliasTo
        USING
            temp_md_receive AS aliasFrom
        ON
            aliasTo.bu = aliasFrom.bu
        AND aliasTo.receive_num = aliasFrom.receive_num
        AND aliasTo.receive_dtl_num = aliasFrom.receive_dtl_num
        AND aliasTo.pj_id = aliasFrom.pj_id
        WHEN MATCHED THEN
            UPDATE SET
                bu = aliasFrom.bu,
                receive_num = aliasFrom.receive_num,
                receive_dtl_num = aliasFrom.receive_dtl_num,
                pj_att_id = aliasFrom.pj_att_id,
                pj_id = aliasFrom.pj_id,
                received_on = aliasFrom.received_on,
                received_amount = aliasFrom.received_amount,
                planed_selling_on = aliasFrom.planed_selling_on,
                sold_on = aliasFrom.sold_on,
                osatsu_planed_amount = aliasFrom.osatsu_planed_amount,
                high_cost_receive = aliasFrom.high_cost_receive,
                received_planed_rate = aliasFrom.received_planed_rate,
                canceled = aliasFrom.canceled,
                created_at = aliasFrom.created_at,
                updated_at = aliasFrom.updated_at
        WHEN NOT MATCHED THEN
            INSERT
            VALUES(
                    aliasFrom.bu,
                    aliasFrom.receive_num,
                    aliasFrom.receive_dtl_num,
                    aliasFrom.pj_att_id,
                    aliasFrom.pj_id,
                    aliasFrom.received_on,
                    aliasFrom.received_amount,
                    aliasFrom.planed_selling_on,
                    aliasFrom.sold_on,
                    aliasFrom.osatsu_planed_amount,
                    aliasFrom.high_cost_receive,
                    aliasFrom.received_planed_rate,
                    aliasFrom.canceled,
                    aliasFrom.created_at,
                    aliasFrom.updated_at
            );
    </update>

    <update id="dataCopyMdSoldAmount">
        MERGE INTO
            md_sold_amount AS aliasTo
        USING
            temp_md_sold_amount AS aliasFrom
        ON
            aliasTo.voucher_num = aliasFrom.voucher_num
        AND aliasTo.pj_id = aliasFrom.pj_id
        AND aliasTo.ym = aliasFrom.ym
        WHEN MATCHED THEN
            UPDATE SET
                bu = aliasFrom.bu,
                voucher_num = aliasFrom.voucher_num,
                pj_att_id = aliasFrom.pj_att_id,
                pj_id = aliasFrom.pj_id,
                himoku_cd = aliasFrom.himoku_cd,
                ym = aliasFrom.ym,
                sold_on = aliasFrom.sold_on,
                sold_amount = aliasFrom.sold_amount,
                dept_cd = aliasFrom.dept_cd,
                canceled = aliasFrom.canceled,
                created_at = aliasFrom.created_at,
                updated_at = aliasFrom.updated_at
        WHEN NOT MATCHED THEN
            INSERT
            VALUES(
                    aliasFrom.bu,
                    aliasFrom.voucher_num,
                    aliasFrom.pj_att_id,
                    aliasFrom.pj_id,
                    aliasFrom.himoku_cd,
                    aliasFrom.ym,
                    aliasFrom.sold_on,
                    aliasFrom.sold_amount,
                    aliasFrom.dept_cd,
                    aliasFrom.canceled,
                    aliasFrom.created_at,
                    aliasFrom.updated_at
       );
    </update>

    <update id="dataCopyProjectAttribute">
       MERGE INTO
            project_attribute AS aliasTo
        USING
            temp_project_attribute AS aliasFrom
        ON
            aliasTo.pj_att_id = aliasFrom.pj_att_id
        WHEN MATCHED THEN
            UPDATE SET
                pj_att_id = aliasFrom.pj_att_id,
                pj_att_name = aliasFrom.pj_att_name,
                sales_main_dept_cd = aliasFrom.sales_main_dept_cd,
                sales_main_dept_emp_cd = aliasFrom.sales_main_dept_emp_cd,
                product_dept_cd = aliasFrom.product_dept_cd,
                product_emp_cd = aliasFrom.product_emp_cd,
                pj_manage_resp_dept_cd = aliasFrom.pj_manage_resp_dept_cd,
                pj_manage_resp_emp_cd = aliasFrom.pj_manage_resp_emp_cd,
                customer_cd = aliasFrom.customer_cd,
                field_cd = aliasFrom.field_cd,
                business_cd = aliasFrom.business_cd,
                pj_status = aliasFrom.pj_status,
                working_kbn = aliasFrom.working_kbn,
                lease = aliasFrom.lease,
                contract_name = aliasFrom.contract_name,
                meigi_corp_cd = aliasFrom.meigi_corp_cd,
                contract_from = aliasFrom.contract_from,
                contract_to = aliasFrom.contract_to,
                personal_info_cd = aliasFrom.personal_info_cd,
                created_at = aliasFrom.created_at,
                updated_at = aliasFrom.updated_at
        WHEN NOT MATCHED THEN
            INSERT
            VALUES(
                    aliasFrom.pj_att_id,
                    aliasFrom.pj_att_name,
                    aliasFrom.sales_main_dept_cd,
                    aliasFrom.sales_main_dept_emp_cd,
                    aliasFrom.product_dept_cd,
                    aliasFrom.product_emp_cd,
                    aliasFrom.pj_manage_resp_dept_cd,
                    aliasFrom.pj_manage_resp_emp_cd,
                    aliasFrom.customer_cd,
                    aliasFrom.field_cd,
                    aliasFrom.business_cd,
                    aliasFrom.pj_status,
                    aliasFrom.working_kbn,
                    aliasFrom.lease,
                    aliasFrom.contract_name,
                    aliasFrom.meigi_corp_cd,
                    aliasFrom.contract_from,
                    aliasFrom.contract_to,
                    aliasFrom.personal_info_cd,
                    aliasFrom.created_at,
                    aliasFrom.updated_at
       );
    </update>

    <update id="dataCopyProject">
        MERGE INTO
            project AS aliasTo
        USING
            temp_project AS aliasFrom
        ON
            aliasTo.pj_id = aliasFrom.pj_id
        WHEN MATCHED THEN
            UPDATE SET
                pj_id = aliasFrom.pj_id,
                bu_pj_att_id = aliasFrom.bu_pj_att_id,
                pj_att_id = aliasFrom.pj_att_id,
                pj_type = aliasFrom.pj_type,
                pj_name = aliasFrom.pj_name,
                pro_sales_dept_cd = aliasFrom.pro_sales_dept_cd,
                pro_sales_emp_cd = aliasFrom.pro_sales_emp_cd,
                pj_ended = aliasFrom.pj_ended,
                pj_status = aliasFrom.pj_status,
                osatsu_planed_amount = aliasFrom.osatsu_planed_amount,
                received_amount = aliasFrom.received_amount,
                received_on = aliasFrom.received_on,
                planed_selling_on = aliasFrom.planed_selling_on,
                last_sold_on = aliasFrom.last_sold_on,
                last_planned_sales_on = aliasFrom.last_planned_sales_on,
                sold_on = aliasFrom.sold_on,
                deal_type = aliasFrom.deal_type,
                personal_info_num = aliasFrom.personal_info_num,
                created_at = aliasFrom.created_at,
                updated_at = aliasFrom.updated_at
        WHEN NOT MATCHED THEN
            INSERT
            VALUES(
                    aliasFrom.pj_id,
                    aliasFrom.bu_pj_att_id,
                    aliasFrom.pj_att_id,
                    aliasFrom.pj_type,
                    aliasFrom.pj_name,
                    aliasFrom.pro_sales_dept_cd,
                    aliasFrom.pro_sales_emp_cd,
                    aliasFrom.pj_ended,
                    aliasFrom.pj_status,
                    aliasFrom.osatsu_planed_amount,
                    aliasFrom.received_amount,
                    aliasFrom.received_on,
                    aliasFrom.planed_selling_on,
                    aliasFrom.last_sold_on,
                    aliasFrom.last_planned_sales_on,
                    aliasFrom.sold_on,
                    aliasFrom.deal_type,
                    aliasFrom.personal_info_num,
                    aliasFrom.created_at,
                    aliasFrom.updated_at
          );
    </update>

    <update id="dataCopyMdMaCustomer">
        MERGE INTO
            md_ma_customer AS aliasTo
        USING
            temp_md_ma_customer AS aliasFrom
        ON
            aliasTo.customer_cd = aliasFrom.customer_cd
        WHEN MATCHED THEN
            UPDATE SET
                customer_cd = aliasFrom.customer_cd,
                customer_short_name = aliasFrom.customer_short_name,
                customer_name = aliasFrom.customer_name,
                customer_category_cd = aliasFrom.customer_category_cd,
                created_at = aliasFrom.created_at,
                updated_at = aliasFrom.updated_at
        WHEN NOT MATCHED THEN
            INSERT
            VALUES(
                    aliasFrom.customer_cd,
                    aliasFrom.customer_short_name,
                    aliasFrom.customer_name,
                    aliasFrom.customer_category_cd,
                    aliasFrom.created_at,
                    aliasFrom.updated_at
          );
    </update>

    <update id="dataCopyOjMaVendor">
        MERGE INTO
            oj_ma_vendor AS aliasTo
        USING
            temp_oj_ma_vendor AS aliasFrom
        ON
            aliasTo.vendor_cd = aliasFrom.vendor_cd
        WHEN MATCHED THEN
            UPDATE SET
                vendor_cd = aliasFrom.vendor_cd,
                vendor_sort_cd = aliasFrom.vendor_sort_cd,
                vendor_name = aliasFrom.vendor_name,
                vendor_name_kana = aliasFrom.vendor_name_kana,
                address = aliasFrom.address,
                postal_code = aliasFrom.postal_code,
                prefectures = aliasFrom.prefectures,
                municipality = aliasFrom.municipality,
                street1 = aliasFrom.street1,
                street2 = aliasFrom.street2,
                street3 = aliasFrom.street3,
                tel_num = aliasFrom.tel_num,
                withholding = aliasFrom.withholding,
                country_cd = aliasFrom.country_cd,
                paymant_limit = aliasFrom.paymant_limit,
                paymant_method = aliasFrom.paymant_method,
                supplier_block = aliasFrom.supplier_block,
                updated_by = aliasFrom.updated_by,
                updated_at = aliasFrom.updated_at,
                currency = aliasFrom.currency,
                supplier_corp_id = aliasFrom.supplier_corp_id
        WHEN NOT MATCHED THEN
            INSERT
            (
                vendor_cd,
                vendor_sort_cd,
                vendor_name,
                vendor_name_kana,
                address,
                supplier,
                postal_code,
                prefectures,
                municipality,
                street1,
                street2,
                street3,
                tel_num,
                withholding,
                country_cd,
                paymant_limit,
                paymant_method,
                supplier_block,
                created_by,
                created_at,
                updated_by,
                updated_at,
                deleted,
                currency,
                supplier_corp_id
            )
            VALUES(
                    aliasFrom.vendor_cd,
                    aliasFrom.vendor_sort_cd,
                    aliasFrom.vendor_name,
                    aliasFrom.vendor_name_kana,
                    aliasFrom.address,
                    aliasFrom.supplier,
                    aliasFrom.postal_code,
                    aliasFrom.prefectures,
                    aliasFrom.municipality,
                    aliasFrom.street1,
                    aliasFrom.street2,
                    aliasFrom.street3,
                    aliasFrom.tel_num,
                    aliasFrom.withholding,
                    aliasFrom.country_cd,
                    aliasFrom.paymant_limit,
                    aliasFrom.paymant_method,
                    aliasFrom.supplier_block,
                    aliasFrom.created_by,
                    aliasFrom.created_at,
                    aliasFrom.updated_by,
                    aliasFrom.updated_at,
                    aliasFrom.deleted,
                    aliasFrom.currency,
                    aliasFrom.supplier_corp_id
      );
    </update>

    <update id="dataCopyMdDeptCost">
        MERGE INTO
            md_dept_cost AS aliasTo
        USING
             (SELECT * from temp_md_dept_cost where CONCAT(fiscal_year, right('00' + convert(varchar,fiscal_month),2)) &gt;= #{ym}) AS aliasFrom
        ON
            aliasTo.dept_cd = aliasFrom.dept_cd
        AND aliasTo.kamoku_cd = aliasFrom.kamoku_cd
        AND aliasTo.fiscal_year = aliasFrom.fiscal_year
        AND aliasTo.fiscal_month = aliasFrom.fiscal_month
        AND aliasTo.result_planed_kbn = aliasFrom.result_planed_kbn

        WHEN MATCHED THEN
            UPDATE SET
                dept_cd = aliasFrom.dept_cd,
                kamoku_cd = aliasFrom.kamoku_cd,
                fiscal_year = aliasFrom.fiscal_year,
                fiscal_month = aliasFrom.fiscal_month,
                result_planed_kbn = aliasFrom.result_planed_kbn,
                cost = aliasFrom.cost,
                created_at = aliasFrom.created_at,
                updated_at = aliasFrom.updated_at
        WHEN NOT MATCHED THEN
            INSERT
            VALUES(
                    aliasFrom.dept_cd,
                    aliasFrom.kamoku_cd,
                    aliasFrom.fiscal_year,
                    aliasFrom.fiscal_month,
                    aliasFrom.result_planed_kbn,
                    aliasFrom.cost,
                    aliasFrom.created_at,
                    aliasFrom.updated_at
        );
    </update>

    <update id="dataCopyMdDeptCostBySpecifiedMonth">
        MERGE INTO
            md_dept_cost AS aliasTo
        USING
             (SELECT
                  *
              FROM
                  temp_md_dept_cost
              WHERE
                  CONCAT(fiscal_year, right('00' + convert(varchar,fiscal_month),2)) &gt;= #{ym}
               OR CONCAT(fiscal_year, right('00' + convert(varchar,fiscal_month),2)) = #{specifiedMonth}
             ) AS aliasFrom
        ON
            aliasTo.dept_cd = aliasFrom.dept_cd
        AND aliasTo.kamoku_cd = aliasFrom.kamoku_cd
        AND aliasTo.fiscal_year = aliasFrom.fiscal_year
        AND aliasTo.fiscal_month = aliasFrom.fiscal_month
        AND aliasTo.result_planed_kbn = aliasFrom.result_planed_kbn

        WHEN MATCHED THEN
            UPDATE SET
                dept_cd = aliasFrom.dept_cd,
                kamoku_cd = aliasFrom.kamoku_cd,
                fiscal_year = aliasFrom.fiscal_year,
                fiscal_month = aliasFrom.fiscal_month,
                result_planed_kbn = aliasFrom.result_planed_kbn,
                cost = aliasFrom.cost,
                created_at = aliasFrom.created_at,
                updated_at = aliasFrom.updated_at
        WHEN NOT MATCHED THEN
            INSERT
            VALUES(
                    aliasFrom.dept_cd,
                    aliasFrom.kamoku_cd,
                    aliasFrom.fiscal_year,
                    aliasFrom.fiscal_month,
                    aliasFrom.result_planed_kbn,
                    aliasFrom.cost,
                    aliasFrom.created_at,
                    aliasFrom.updated_at
        );
    </update>

    <update id="dataReverseCopyMdDeptPersonalKosu">
        MERGE INTO
            temp_md_dept_personal_kosu AS aliasTo
        USING
            md_dept_personal_kosu AS aliasFrom
        ON
            aliasTo.dept_cd = aliasFrom.dept_cd
        AND aliasTo.ym = aliasFrom.ym
        AND aliasTo.emp_kbn = aliasFrom.emp_kbn
        AND aliasTo.emp_cd = aliasFrom.emp_cd
        WHEN MATCHED THEN
            UPDATE SET
                dept_cd = aliasFrom.dept_cd,
                ym = aliasFrom.ym,
                emp_kbn = aliasFrom.emp_kbn,
                emp_cd = aliasFrom.emp_cd,
                total_kosu = aliasFrom.total_kosu,
                created_at = aliasFrom.created_at,
                updated_at = aliasFrom.updated_at
        WHEN NOT MATCHED THEN
            INSERT
            VALUES(
                    aliasFrom.dept_cd,
                    aliasFrom.ym,
                    aliasFrom.emp_kbn,
                    aliasFrom.emp_cd,
                    aliasFrom.total_kosu,
                    aliasFrom.created_at,
                    aliasFrom.updated_at
                  );
    </update>

    <update id="dataReverseCopyMdReceive">
        MERGE INTO
            temp_md_receive AS aliasTo
        USING
            md_receive AS aliasFrom
        ON
            aliasTo.bu = aliasFrom.bu
        AND aliasTo.receive_num = aliasFrom.receive_num
        AND aliasTo.receive_dtl_num = aliasFrom.receive_dtl_num
        AND aliasTo.pj_id = aliasFrom.pj_id
        WHEN MATCHED THEN
            UPDATE SET
                bu = aliasFrom.bu,
                receive_num = aliasFrom.receive_num,
                receive_dtl_num = aliasFrom.receive_dtl_num,
                pj_att_id = aliasFrom.pj_att_id,
                pj_id = aliasFrom.pj_id,
                received_on = aliasFrom.received_on,
                received_amount = aliasFrom.received_amount,
                planed_selling_on = aliasFrom.planed_selling_on,
                sold_on = aliasFrom.sold_on,
                osatsu_planed_amount = aliasFrom.osatsu_planed_amount,
                high_cost_receive = aliasFrom.high_cost_receive,
                received_planed_rate = aliasFrom.received_planed_rate,
                canceled = aliasFrom.canceled,
                created_at = aliasFrom.created_at,
                updated_at = aliasFrom.updated_at
        WHEN NOT MATCHED THEN
            INSERT
            VALUES(
                    aliasFrom.bu,
                    aliasFrom.receive_num,
                    aliasFrom.receive_dtl_num,
                    aliasFrom.pj_att_id,
                    aliasFrom.pj_id,
                    aliasFrom.received_on,
                    aliasFrom.received_amount,
                    aliasFrom.planed_selling_on,
                    aliasFrom.sold_on,
                    aliasFrom.osatsu_planed_amount,
                    aliasFrom.high_cost_receive,
                    aliasFrom.received_planed_rate,
                    aliasFrom.canceled,
                    aliasFrom.created_at,
                    aliasFrom.updated_at
            );
    </update>

    <update id="dataReverseCopyMdSoldAmount">
        MERGE INTO
            temp_md_sold_amount AS aliasTo
        USING
            md_sold_amount AS aliasFrom
        ON
            aliasTo.voucher_num = aliasFrom.voucher_num
        AND aliasTo.pj_id = aliasFrom.pj_id
        AND aliasTo.ym = aliasFrom.ym
        WHEN MATCHED THEN
            UPDATE SET
                bu = aliasFrom.bu,
                voucher_num = aliasFrom.voucher_num,
                pj_att_id = aliasFrom.pj_att_id,
                pj_id = aliasFrom.pj_id,
                himoku_cd = aliasFrom.himoku_cd,
                ym = aliasFrom.ym,
                sold_on = aliasFrom.sold_on,
                sold_amount = aliasFrom.sold_amount,
                dept_cd = aliasFrom.dept_cd,
                canceled = aliasFrom.canceled,
                created_at = aliasFrom.created_at,
                updated_at = aliasFrom.updated_at
        WHEN NOT MATCHED THEN
            INSERT
            VALUES(
                    aliasFrom.bu,
                    aliasFrom.voucher_num,
                    aliasFrom.pj_att_id,
                    aliasFrom.pj_id,
                    aliasFrom.himoku_cd,
                    aliasFrom.ym,
                    aliasFrom.sold_on,
                    aliasFrom.sold_amount,
                    aliasFrom.dept_cd,
                    aliasFrom.canceled,
                    aliasFrom.created_at,
                    aliasFrom.updated_at
       );
    </update>

    <update id="dataReverseCopyProjectAttribute">
       MERGE INTO
            temp_project_attribute AS aliasTo
        USING
            project_attribute AS aliasFrom
        ON
            aliasTo.pj_att_id = aliasFrom.pj_att_id
        WHEN MATCHED THEN
            UPDATE SET
                pj_att_id = aliasFrom.pj_att_id,
                pj_att_name = aliasFrom.pj_att_name,
                sales_main_dept_cd = aliasFrom.sales_main_dept_cd,
                sales_main_dept_emp_cd = aliasFrom.sales_main_dept_emp_cd,
                product_dept_cd = aliasFrom.product_dept_cd,
                product_emp_cd = aliasFrom.product_emp_cd,
                pj_manage_resp_dept_cd = aliasFrom.pj_manage_resp_dept_cd,
                pj_manage_resp_emp_cd = aliasFrom.pj_manage_resp_emp_cd,
                customer_cd = aliasFrom.customer_cd,
                field_cd = aliasFrom.field_cd,
                business_cd = aliasFrom.business_cd,
                pj_status = aliasFrom.pj_status,
                working_kbn = aliasFrom.working_kbn,
                lease = aliasFrom.lease,
                contract_name = aliasFrom.contract_name,
                meigi_corp_cd = aliasFrom.meigi_corp_cd,
                contract_from = aliasFrom.contract_from,
                contract_to = aliasFrom.contract_to,
                personal_info_cd = aliasFrom.personal_info_cd,
                created_at = aliasFrom.created_at,
                updated_at = aliasFrom.updated_at
        WHEN NOT MATCHED THEN
            INSERT
            VALUES(
                    aliasFrom.pj_att_id,
                    aliasFrom.pj_att_name,
                    aliasFrom.sales_main_dept_cd,
                    aliasFrom.sales_main_dept_emp_cd,
                    aliasFrom.product_dept_cd,
                    aliasFrom.product_emp_cd,
                    aliasFrom.pj_manage_resp_dept_cd,
                    aliasFrom.pj_manage_resp_emp_cd,
                    aliasFrom.customer_cd,
                    aliasFrom.field_cd,
                    aliasFrom.business_cd,
                    aliasFrom.pj_status,
                    aliasFrom.working_kbn,
                    aliasFrom.lease,
                    aliasFrom.contract_name,
                    aliasFrom.meigi_corp_cd,
                    aliasFrom.contract_from,
                    aliasFrom.contract_to,
                    aliasFrom.personal_info_cd,
                    aliasFrom.created_at,
                    aliasFrom.updated_at
       );
    </update>

    <update id="dataReverseCopyProject">
        MERGE INTO
            temp_project AS aliasTo
        USING
            project AS aliasFrom
        ON
            aliasTo.pj_id = aliasFrom.pj_id
        WHEN MATCHED THEN
            UPDATE SET
                pj_id = aliasFrom.pj_id,
                bu_pj_att_id = aliasFrom.bu_pj_att_id,
                pj_att_id = aliasFrom.pj_att_id,
                pj_type = aliasFrom.pj_type,
                pj_name = aliasFrom.pj_name,
                pro_sales_dept_cd = aliasFrom.pro_sales_dept_cd,
                pro_sales_emp_cd = aliasFrom.pro_sales_emp_cd,
                pj_ended = aliasFrom.pj_ended,
                pj_status = aliasFrom.pj_status,
                osatsu_planed_amount = aliasFrom.osatsu_planed_amount,
                received_amount = aliasFrom.received_amount,
                received_on = aliasFrom.received_on,
                planed_selling_on = aliasFrom.planed_selling_on,
                last_sold_on = aliasFrom.last_sold_on,
                last_planned_sales_on = aliasFrom.last_planned_sales_on,
                sold_on = aliasFrom.sold_on,
                deal_type = aliasFrom.deal_type,
                personal_info_num = aliasFrom.personal_info_num,
                created_at = aliasFrom.created_at,
                updated_at = aliasFrom.updated_at
        WHEN NOT MATCHED THEN
            INSERT
            VALUES(
                    aliasFrom.pj_id,
                    aliasFrom.bu_pj_att_id,
                    aliasFrom.pj_att_id,
                    aliasFrom.pj_type,
                    aliasFrom.pj_name,
                    aliasFrom.pro_sales_dept_cd,
                    aliasFrom.pro_sales_emp_cd,
                    aliasFrom.pj_ended,
                    aliasFrom.pj_status,
                    aliasFrom.osatsu_planed_amount,
                    aliasFrom.received_amount,
                    aliasFrom.received_on,
                    aliasFrom.planed_selling_on,
                    aliasFrom.last_sold_on,
                    aliasFrom.last_planned_sales_on,
                    aliasFrom.sold_on,
                    aliasFrom.deal_type,
                    aliasFrom.personal_info_num,
                    aliasFrom.created_at,
                    aliasFrom.updated_at
          );
    </update>

    <update id="dataReverseCopyMdMaCustomer">
        MERGE INTO
            temp_md_ma_customer AS aliasTo
        USING
            md_ma_customer AS aliasFrom
        ON
            aliasTo.customer_cd = aliasFrom.customer_cd
        WHEN MATCHED THEN
            UPDATE SET
                customer_cd = aliasFrom.customer_cd,
                customer_short_name = aliasFrom.customer_short_name,
                customer_name = aliasFrom.customer_name,
                customer_category_cd = aliasFrom.customer_category_cd,
                created_at = aliasFrom.created_at,
                updated_at = aliasFrom.updated_at
        WHEN NOT MATCHED THEN
            INSERT
            VALUES(
                    aliasFrom.customer_cd,
                    aliasFrom.customer_short_name,
                    aliasFrom.customer_name,
                    aliasFrom.customer_category_cd,
                    aliasFrom.created_at,
                    aliasFrom.updated_at
          );
    </update>

    <update id="dataReverseCopyOjMaVendor">
        MERGE INTO
            temp_oj_ma_vendor AS aliasTo
        USING
            oj_ma_vendor AS aliasFrom
        ON
            aliasTo.vendor_cd = aliasFrom.vendor_cd
        WHEN MATCHED THEN
            UPDATE SET
                vendor_cd = aliasFrom.vendor_cd,
                vendor_sort_cd = aliasFrom.vendor_sort_cd,
                vendor_name = aliasFrom.vendor_name,
                vendor_name_kana = aliasFrom.vendor_name_kana,
                address = aliasFrom.address,
                postal_code = aliasFrom.postal_code,
                prefectures = aliasFrom.prefectures,
                municipality = aliasFrom.municipality,
                street1 = aliasFrom.street1,
                street2 = aliasFrom.street2,
                street3 = aliasFrom.street3,
                tel_num = aliasFrom.tel_num,
                withholding = aliasFrom.withholding,
                country_cd = aliasFrom.country_cd,
                paymant_limit = aliasFrom.paymant_limit,
                paymant_method = aliasFrom.paymant_method,
                supplier_block = aliasFrom.supplier_block,
                updated_by = aliasFrom.updated_by,
                updated_at = aliasFrom.updated_at,
                currency = aliasFrom.currency,
                supplier_corp_id = aliasFrom.supplier_corp_id
        WHEN NOT MATCHED THEN
            INSERT
            (
                vendor_cd,
                vendor_sort_cd,
                vendor_name,
                vendor_name_kana,
                address,
                supplier,
                postal_code,
                prefectures,
                municipality,
                street1,
                street2,
                street3,
                tel_num,
                withholding,
                country_cd,
                paymant_limit,
                paymant_method,
                supplier_block,
                created_by,
                created_at,
                updated_by,
                updated_at,
                deleted,
                currency,
                supplier_corp_id
            )
            VALUES(
                    aliasFrom.vendor_cd,
                    aliasFrom.vendor_sort_cd,
                    aliasFrom.vendor_name,
                    aliasFrom.vendor_name_kana,
                    aliasFrom.address,
                    aliasFrom.supplier,
                    aliasFrom.postal_code,
                    aliasFrom.prefectures,
                    aliasFrom.municipality,
                    aliasFrom.street1,
                    aliasFrom.street2,
                    aliasFrom.street3,
                    aliasFrom.tel_num,
                    aliasFrom.withholding,
                    aliasFrom.country_cd,
                    aliasFrom.paymant_limit,
                    aliasFrom.paymant_method,
                    aliasFrom.supplier_block,
                    aliasFrom.created_by,
                    aliasFrom.created_at,
                    aliasFrom.updated_by,
                    aliasFrom.updated_at,
                    aliasFrom.deleted,
                    aliasFrom.currency,
                    aliasFrom.supplier_corp_id
      );
    </update>

    <update id="dataReverseCopyMdDeptCost">
        MERGE INTO
            temp_md_dept_cost AS aliasTo
        USING
             (SELECT * from md_dept_cost where CONCAT(fiscal_year, right('00' + convert(varchar,fiscal_month),2)) &gt;= #{ym}) AS aliasFrom
        ON
            aliasTo.dept_cd = aliasFrom.dept_cd
        AND aliasTo.kamoku_cd = aliasFrom.kamoku_cd
        AND aliasTo.fiscal_year = aliasFrom.fiscal_year
        AND aliasTo.fiscal_month = aliasFrom.fiscal_month
        AND aliasTo.result_planed_kbn = aliasFrom.result_planed_kbn

        WHEN MATCHED THEN
            UPDATE SET
                dept_cd = aliasFrom.dept_cd,
                kamoku_cd = aliasFrom.kamoku_cd,
                fiscal_year = aliasFrom.fiscal_year,
                fiscal_month = aliasFrom.fiscal_month,
                result_planed_kbn = aliasFrom.result_planed_kbn,
                cost = aliasFrom.cost,
                created_at = aliasFrom.created_at,
                updated_at = aliasFrom.updated_at
        WHEN NOT MATCHED THEN
            INSERT
            VALUES(
                    aliasFrom.dept_cd,
                    aliasFrom.kamoku_cd,
                    aliasFrom.fiscal_year,
                    aliasFrom.fiscal_month,
                    aliasFrom.result_planed_kbn,
                    aliasFrom.cost,
                    aliasFrom.created_at,
                    aliasFrom.updated_at
        );
    </update>

    <update id="dataReverseCopyMdDeptCostBySpecifiedMonth">
        MERGE INTO
            temp_md_dept_cost AS aliasTo
        USING
             (SELECT
                 *
              FROM
                  md_dept_cost
              WHERE
                  CONCAT(fiscal_year, right('00' + convert(varchar,fiscal_month),2)) &gt;= #{ym}
               OR CONCAT(fiscal_year, right('00' + convert(varchar,fiscal_month),2)) = #{specifiedMonth}
             ) AS aliasFrom
        ON
            aliasTo.dept_cd = aliasFrom.dept_cd
        AND aliasTo.kamoku_cd = aliasFrom.kamoku_cd
        AND aliasTo.fiscal_year = aliasFrom.fiscal_year
        AND aliasTo.fiscal_month = aliasFrom.fiscal_month
        AND aliasTo.result_planed_kbn = aliasFrom.result_planed_kbn

        WHEN MATCHED THEN
            UPDATE SET
                dept_cd = aliasFrom.dept_cd,
                kamoku_cd = aliasFrom.kamoku_cd,
                fiscal_year = aliasFrom.fiscal_year,
                fiscal_month = aliasFrom.fiscal_month,
                result_planed_kbn = aliasFrom.result_planed_kbn,
                cost = aliasFrom.cost,
                created_at = aliasFrom.created_at,
                updated_at = aliasFrom.updated_at
        WHEN NOT MATCHED THEN
            INSERT
            VALUES(
                    aliasFrom.dept_cd,
                    aliasFrom.kamoku_cd,
                    aliasFrom.fiscal_year,
                    aliasFrom.fiscal_month,
                    aliasFrom.result_planed_kbn,
                    aliasFrom.cost,
                    aliasFrom.created_at,
                    aliasFrom.updated_at
        );
    </update>

    <delete id="deletePerformance">
        DELETE
        FROM
            md_cost
        WHERE
            (ym = #{ym1}
             OR
             ym = #{ym2}
            )
        AND result_planed_kbn = '1'
        AND himoku_cd IN ('04', '05', '06', '07', '08', '09', '12', '15', '18', '31', '33', '39')
    </delete>

    <delete id="deleteIntegration">
        DELETE
        FROM
            md_cost
        WHERE
            result_planed_kbn = '2'
        AND himoku_cd IN ('04', '05', '06', '07', '08', '09', '10', '03', '32')
        AND pj_id in (
            SELECT
                PJ.pj_id
            FROM
                project AS PJ
            WHERE PJ.pj_id in
            (
                SELECT
                    SEKI.pj_id
                FROM
                    sb_base_info AS SEKI
                WHERE
                    CONVERT(char(6), SEKI.updated_at, 112) = #{ym3}
                OR CONVERT(char(6), SEKI.updated_at, 112) = #{ym4}
            )
        )
    </delete>

    <delete id="deleteInitialIntegration">
        DELETE
        FROM
            md_cost
        WHERE
            result_planed_kbn = '3'
        AND himoku_cd IN ('04', '05', '06', '07', '08', '09', '10', '03', '32')
        AND pj_id in (
            SELECT
                PJ.pj_id
            FROM
                project AS PJ
            WHERE PJ.pj_id in
            (
                SELECT
                    SEKI.pj_id
                FROM
                    sb_base_first_info AS SEKI
                WHERE
                    CONVERT(char(6), SEKI.updated_at, 112) = #{ym3}
                OR CONVERT(char(6), SEKI.updated_at, 112) = #{ym4}
            )
        )
    </delete>

</mapper>
