<?xml version="1.0" encoding="UTF-8" ?>
<!DOCTYPE mapper PUBLIC "-//mybatis.org/DTD Mapper 3.0//EN"
        "http://mybatis.org/dtd/mybatis-3-mapper.dtd">

<mapper namespace="jp.co.aeroasahi.tpkt.batch.mdb0205.MDB0205Repository">

    <select id="findAllBySAPVendor" resultType="jp.co.aeroasahi.tpkt.batch.mdb0205.MDB0205Input">
        SELECT
            SV.LIFNR AS lifnr,
            SV.NAME1 AS name1,
            SV.NAME2 AS name2,
            SV.NAME3 AS name3,
            SV.POST_CODE1 AS postCode1,
            SV.STREET AS street,
            SV.CITY1 AS city1,
            SV.CITY2 AS city2,
            SV.STR_SUPPL1 AS strSuppl1,
            SV.STR_SUPPL2 AS strSuppl2,
            SV.TEL_NUMBER AS telNumber,
            SV.WT_SUBJCT AS wtSubjct,
            SV.COUNTRY AS country,
            SV.SORT1 AS sort1B,
            SV.DTAWS AS dtaws,
            SV.SPERR AS sperr,
            SV.SORT2 AS sort2c,
            SV.VBUND AS vbund
        FROM
            SAPVendor SV
        WHERE
            SV.BUKRS BETWEEN '21' AND '28'
            OR SV.BUKRS = '11'
            OR SV.BUKRS = '1S'
    </select>

    <select id="findAllByOjMaVendor" resultType="jp.co.aeroasahi.tpkt.batch.mdb0205.MDB0205Output">
        SELECT
            TOMV.vendor_cd AS vendorCd
        FROM
            temp_oj_ma_vendor TOMV
    </select>

    <insert id="create">
        INSERT INTO
            temp_oj_ma_vendor
            (
              vendor_cd,
              vendor_sort_cd,
              vendor_name,
              vendor_name_kana,
              address,
              supplier,
              postal_code,
              prefectures,
              municipality,
              street1,
              street2,
              street3,
              tel_num,
              withholding,
              country_cd,
              paymant_limit,
              paymant_method,
              supplier_block,
              created_by,
              created_at,
              updated_by,
              updated_at,
              deleted,
              currency,
              supplier_corp_id
            )
        VALUES
            (
                #{vendorCd},
                #{vendorSortCd},
                #{vendorName},
                <choose>
                  <when test="vendorNameKana != null">
                    #{vendorNameKana},
                  </when>
                  <otherwise>
                    NULL,
                  </otherwise>
                </choose>
                <choose>
                  <when test="address != null">
                    #{address},
                  </when>
                  <otherwise>
                    NULL,
                  </otherwise>
                </choose>
                #{supplier},
                <choose>
                  <when test="postalCode != null">
                    #{postalCode},
                  </when>
                  <otherwise>
                    NULL,
                  </otherwise>
                </choose>
                <choose>
                  <when test="prefectures != null">
                    #{prefectures},
                  </when>
                  <otherwise>
                    NULL,
                  </otherwise>
                </choose>
                <choose>
                  <when test="municipality != null">
                    #{municipality},
                  </when>
                  <otherwise>
                    NULL,
                  </otherwise>
                </choose>
                <choose>
                  <when test="street1 != null">
                    #{street1},
                  </when>
                  <otherwise>
                    NULL,
                  </otherwise>
                </choose>
                <choose>
                  <when test="street2 != null">
                    #{street2},
                  </when>
                  <otherwise>
                    NULL,
                  </otherwise>
                </choose>
                <choose>
                  <when test="street3 != null">
                    #{street3},
                  </when>
                  <otherwise>
                    NULL,
                  </otherwise>
                </choose>
                <choose>
                  <when test="telNum != null">
                    #{telNum},
                  </when>
                  <otherwise>
                    NULL,
                  </otherwise>
                </choose>
                <choose>
                  <when test="withholding != null">
                    #{withholding},
                  </when>
                  <otherwise>
                    NULL,
                  </otherwise>
                </choose>
                <choose>
                  <when test="countryCd != null">
                    #{countryCd},
                  </when>
                  <otherwise>
                    NULL,
                  </otherwise>
                </choose>
                <choose>
                  <when test="paymantLimit != null">
                    #{paymantLimit},
                  </when>
                  <otherwise>
                    NULL,
                  </otherwise>
                </choose>
                <choose>
                  <when test="paymantMethod != null">
                    #{paymantMethod},
                  </when>
                  <otherwise>
                    NULL,
                  </otherwise>
                </choose>
                <choose>
                  <when test="supplierBlock != null">
                    #{supplierBlock},
                  </when>
                  <otherwise>
                    '0',
                  </otherwise>
                </choose>
                #{createdBy},
                #{createdAt},
                #{updatedBy},
                #{updatedAt},
                #{deleted},
                #{currency},
                #{supplierCorpId}
            )
    </insert>

    <update id="update" parameterType="java.util.List">
           UPDATE temp_oj_ma_vendor
           <set>
                vendor_cd = #{vendorCd},
                vendor_sort_cd = #{vendorSortCd},
                vendor_name = #{vendorName},
                vendor_name_kana = #{vendorNameKana},
                address = #{address},
                postal_code = #{postalCode},
                prefectures = #{prefectures},
                municipality = #{municipality},
                street1 = #{street1},
                street2 = #{street2},
                street3 = #{street3},
                tel_num = #{telNum},
                withholding = #{withholding},
                country_cd = #{countryCd},
                paymant_limit = #{paymantLimit},
                paymant_method = #{paymantMethod},
                supplier_block = #{supplierBlock},
                updated_by = #{updatedBy},
                updated_at = #{updatedAt},
                currency = #{currency},
                supplier_corp_id = #{supplierCorpId}
            </set>
            WHERE
                vendor_cd = #{vendorCd}
    </update>

</mapper>

