<?xml version="1.0" encoding="UTF-8" ?>
<!DOCTYPE mapper PUBLIC "-//mybatis.org/DTD Mapper 3.0//EN"
        "http://mybatis.org/dtd/mybatis-3-mapper.dtd">

<mapper namespace="jp.co.aeroasahi.tpkt.batch.mdb0202.MDB0202Repository">

    <select id="findAll" resultType="jp.co.aeroasahi.tpkt.batch.mdb0202.MDB0202Input">
        SELECT
            SPA.ZPSPID AS ZPSPID,
            SPA.ZPSPNAME AS ZPSPNAME,
            SPA.ZEIGYOSHUKANBUMON AS ZEIGYOSHUKANBUMON,
            SPA.ZEIGYOTANTO AS ZEIGYOTANTO,
            SPA.ZSEISANSHUKANBUMON AS ZSEISANSHUKANBUMON,
            SPA.ZPRODUCER AS ZPRODUCER,
            SPA.ZBUKKENTANTO AS ZBUKKENTANTO,
            SPA.ZBUKKENTANTOBUMON AS ZBUKKENTANTOBUMON,
            SPA.ZTOKUISAKI AS ZTOKUISAKI,
            SPA.ZBUNYACD AS ZBUNYACD,
            SPA.ZGYOUMUCD AS ZGYOUMUCD,
            MG.value AS VALUE,
            SPA.DATEFLG AS DATEFLG,
            SPA.ZLEASEFLAG AS ZLEASEFLAG,
            SPA.ZKEIYAKUMEI AS ZKEIYAKUMEI,
            BC.bu AS BU,
            SPA.ZKEYAKUKOKIB AS ZKEYAKUKOKIB,
            SPA.ZKEYAKUKOKIE AS ZKEYAKUKOKIE,
            CASE WHEN SRO.ZKOJIN = '01' THEN '01' ELSE '02' END AS ZKOJIN
        FROM
            SAPProjectAttribute AS SPA

        LEFT OUTER JOIN
            (SELECT ZKOJIN, SUBSTRING(PS_PSP_PNR, 3, 8) AS PJ_ATT_ID
             FROM SAPReceiveOrder WHERE ZKOJIN = '01'
             GROUP BY ZKOJIN, SUBSTRING(PS_PSP_PNR, 3, 8)
            ) AS SRO
        ON
            SPA.ZPSPID = SRO.PJ_ATT_ID

        LEFT OUTER JOIN
            (SELECT code, value FROM ma_general where type_id = '30') AS MG
        ON
            SPA.STAT = MG.code

        LEFT OUTER JOIN
            (SELECT bu, corp_cd FROM ma_bu_conv GROUP BY bu, corp_cd) AS BC
        ON
            SPA.ZMEIGIKAISHA = BC.corp_cd

        WHERE
         LEFT(LTRIM(SPA.ZPSPID), 2) IN ('PS', 'RS', 'OS')
         AND SPA.STAT IS NOT NULL
    </select>

    <insert id="create">
        INSERT INTO
            temp_project_attribute
            (
              pj_att_id,
              pj_att_name,
              sales_main_dept_cd,
              sales_main_dept_emp_cd,
              product_dept_cd,
              product_emp_cd,
              pj_manage_resp_dept_cd,
              pj_manage_resp_emp_cd,
              customer_cd,
              field_cd,
              business_cd,
              pj_status,
              working_kbn,
              lease,
              contract_name,
              meigi_corp_cd,
              contract_from,
              contract_to,
              personal_info_cd,
              created_at,
              updated_at
            )
        VALUES
            (
                    #{pjAttId},
                <choose>
                  <when test="pjAttName != null">
                    #{pjAttName},
                  </when>
                  <otherwise>
                    NULL,
                  </otherwise>
                </choose>
                <choose>
                  <when test="salesMainDeptCd != null">
                    #{salesMainDeptCd},
                  </when>
                  <otherwise>
                    NULL,
                  </otherwise>
                </choose>
                <choose>
                  <when test="salesMainDeptEmpCd != null">
                    #{salesMainDeptEmpCd},
                  </when>
                  <otherwise>
                    NULL,
                  </otherwise>
                </choose>
                <choose>
                  <when test="productDeptCd != null">
                    #{productDeptCd},
                  </when>
                  <otherwise>
                    NULL,
                  </otherwise>
                </choose>
                <choose>
                  <when test="productEmpCd != null">
                    #{productEmpCd},
                  </when>
                  <otherwise>
                    NULL,
                  </otherwise>
                </choose>
                <choose>
                  <when test="pjManageRespDeptCd != null">
                    #{pjManageRespDeptCd},
                  </when>
                  <otherwise>
                    NULL,
                  </otherwise>
                </choose>
                <choose>
                  <when test="pjManageRespEmpCd != null">
                    #{pjManageRespEmpCd},
                  </when>
                  <otherwise>
                    NULL,
                  </otherwise>
                </choose>
                <choose>
                  <when test="customerCd != null">
                    #{customerCd},
                  </when>
                  <otherwise>
                    NULL,
                  </otherwise>
                </choose>
                <choose>
                  <when test="fieldCd != null">
                    #{fieldCd},
                  </when>
                  <otherwise>
                    NULL,
                  </otherwise>
                </choose>
                <choose>
                  <when test="businessCd != null">
                    #{businessCd},
                  </when>
                  <otherwise>
                    NULL,
                  </otherwise>
                </choose>
                #{pjStatus},
                #{workingKbn},
                #{lease},
                <choose>
                  <when test="contractName != null">
                    #{contractName},
                  </when>
                  <otherwise>
                    NULL,
                  </otherwise>
                </choose>
                <choose>
                  <when test="meigiCorpCd != null">
                    #{meigiCorpCd},
                  </when>
                  <otherwise>
                    NULL,
                  </otherwise>
                </choose>
                <choose>
                  <when test="contractFrom != null">
                    #{contractFrom},
                  </when>
                  <otherwise>
                    NULL,
                  </otherwise>
                </choose>
                <choose>
                  <when test="contractTo != null">
                    #{contractTo},
                  </when>
                  <otherwise>
                    NULL,
                  </otherwise>
                </choose>
                <choose>
                  <when test="personalInfoCd != null">
                    #{personalInfoCd},
                  </when>
                  <otherwise>
                    NULL,
                  </otherwise>
                </choose>
                    #{createdAt},
                    #{updatedAt}
            )
    </insert>

    <delete id="delete">
        <![CDATA[
        DELETE
        FROM
            temp_project_attribute
        ]]>
    </delete>
</mapper>

