<?xml version="1.0" encoding="UTF-8" ?>
<!DOCTYPE mapper PUBLIC "-//mybatis.org/DTD Mapper 3.0//EN"
        "http://mybatis.org/dtd/mybatis-3-mapper.dtd">

<mapper namespace="jp.co.aeroasahi.tpkt.batch.cm.task.fbfw005.FBFW005Repository">

    <update id="update">
           UPDATE sy_batch_manage
           <set>
                message = #{message}
            </set>
            WHERE
                time_key = #{timeKey}
    </update>

    <update id="updateD">
           UPDATE sy_batch_manage
           <set>
                message = #{message},
                deleted = #{deleted}
            </set>
            WHERE
                task_name = #{taskName}
    </update>

</mapper>

