<?xml version="1.0" encoding="UTF-8" ?>
<!DOCTYPE mapper PUBLIC "-//mybatis.org/DTD Mapper 3.0//EN"
        "http://mybatis.org/dtd/mybatis-3-mapper.dtd">
<mapper
    namespace="jp.co.aeroasahi.tpkt.batch.oj.ojb0102.OJB0102Repository">
    <update id="truncateTable">
        truncate table ${tableName}
    </update>
    <select id="findReportName"
        resultType="jp.co.aeroasahi.tpkt.batch.oj.ojb0102.ReportBean">
        SELECT
            ojuen_doc_type AS ojuenDocType,
            ojuen_doc_name AS ojuenDocName
        FROM
            oj_ma_doc
        WHERE
            ojuen_doc_type NOT IN ('01','02','03','04')
    </select>
    <select id="findReportDetailInfo"
        resultType="jp.co.aeroasahi.tpkt.batch.oj.ojb0102.ReportDetailBean">
    <![CDATA[
        SELECT
            RTRIM(LTRIM(EBI.apply_num)) AS applyNum,
            EBI.entrust_branch_num AS entrustBranchNum,
            RTRIM(LTRIM(EBI.order_num)) AS orderNum,
            RTRIM(LTRIM(EBI.calculated_num)) AS calculatedNum
        FROM
            oj_base_info OBI
        INNER JOIN
            oj_entrust_branch_info EBI
        ON
            EBI.apply_num = OBI.apply_num
        AND EBI.pj_id = OBI.pj_id
        WHERE
            OBI.change_add_kbn IS NULL
        OR OBI.change_add_kbn <> '1'
        ]]>
    </select>
    <insert id="createOjDocRegInfo">
        INSERT INTO
            oj_doc_reg_info
            (
              apply_num,
              entrust_branch_num,
              ojuen_doc_type,
              file_path,
              file_name
             )
        VALUES
            (
             #{applyNum},
             #{entrustBranchNum},
             #{ojuenDocType},
             #{filePath},
             #{fileName}
            )
    </insert>
    <insert id="createOjDocRegDateInfo">
        INSERT INTO
            oj_doc_reg_date
            (
              file_name,
              reged_on,
              created_at,
              updated_at
             )
        VALUES
            (
             #{fileName},
             #{regedOn},
             #{createdAt},
             #{updatedAt}
            )
    </insert>
    <select id="findOjDocRegDateInfoByFileName" parameterType="String" resultType="Map">
        SELECT
            COUNT(ODR.file_name) AS fileName
        FROM
            oj_doc_reg_date ODR
        WHERE
            ODR.file_name = #{fileName}
    </select>
    <insert id="createOjDocBaseInfo">
         INSERT INTO
            oj_doc_base
            (
              apply_num,
              entrust_branch_num,
              ojuen_doc_type,
              order_num,
              calculated_num,
              ojuen_doc_reg_status,
              created_at,
              updated_at
             )
            SELECT
                EBI.apply_num,
                EBI.entrust_branch_num,
                ODM.ojuen_doc_type,
                EBI.order_num,
                EBI.calculated_num,
                CASE
                    WHEN COUNT(DRI.apply_num) = 0
                        THEN 0
                    ELSE
                        1
                END AS ojuen_doc_reg_status,
                #{date} AS created_at,
                #{date} AS updated_at
            FROM
                oj_entrust_branch_info EBI
            INNER JOIN
                oj_base_info OBI
            ON
                EBI.apply_num = OBI.apply_num
            AND EBI.pj_id = OBI.pj_id
            AND OBI.apply_status = '9'
            INNER JOIN
                oj_ma_doc ODM
            ON
                ODM.ojuen_doc_type NOT IN ('01','02','03','04')
            LEFT JOIN
                oj_doc_reg_info DRI
            ON DRI.apply_num = EBI.apply_num
            AND DRI.entrust_branch_num = EBI.entrust_branch_num
            AND DRI.ojuen_doc_type = ODM.ojuen_doc_type
            GROUP BY
            EBI.apply_num,
            EBI.entrust_branch_num,
            ODM.ojuen_doc_type,
            EBI.order_num,
            EBI.calculated_num
    </insert>
    <select id="findOjEntrustHistory" resultType="map">
        SELECT
            COUNT(apply_num) AS applyNum
        FROM
            oj_entrust_history
        WHERE
            apply_num = #{applyNum}
        AND entrust_branch_num = #{entrustBranchNum}
    </select>
    <insert id="createOjEntrustHistory">
        INSERT INTO
            oj_entrust_history
            (
              apply_num,
              entrust_branch_num,
              vendor_evaluate_points,
              receipt_arrive_kbn,
              delivery_form_arrive_kbn,
              invoice_arrive_kbn
             )
        VALUES
            (
             #{applyNum},
             #{entrustBranchNum},
             #{vendorEvaluatePoints},
             '1',
             '1',
             '1'
            )
    </insert>
    <update id="updateOjEntrustHistory">
        UPDATE
            oj_entrust_history
        SET
            vendor_evaluate_points = #{vendorEvaluatePoints}
        WHERE
            apply_num = #{applyNum}
        AND
            entrust_branch_num = #{entrustBranchNum}
    </update>
</mapper>

