<?xml version="1.0" encoding="UTF-8" ?>
<!DOCTYPE mapper PUBLIC "-//mybatis.org/DTD Mapper 3.0//EN"
        "http://mybatis.org/dtd/mybatis-3-mapper.dtd">

<mapper namespace="jp.co.aeroasahi.tpkt.batch.fwb0107.FWB0107Repository">

    <insert id="create">
        INSERT INTO
            temp_sap_in_process_cost
            (
              RBUKRS,
              GJAHR,
              MONAT,
              PROJK,
              INPROCESS_COST,
              INPROCESS_COST_BALANCE,
              CURRENT_COST_BALANCE,
              L_MACHINE_INPROCESS_COST_BALANCE,
              L_MACHINE_CURRENT_COST_BALANCE,
              INS_DT,
              UPD_DT
            )
        VALUES (
            <choose>
              <when test="RBUKRS != ''">
                #{RBUKRS},
              </when>
              <otherwise>
                NULL,
              </otherwise>
            </choose>
            <choose>
              <when test="GJAHR != ''">
                #{GJAHR},
              </when>
              <otherwise>
                NULL,
              </otherwise>
            </choose>
            <choose>
              <when test="MONAT != ''">
                #{MONAT},
              </when>
              <otherwise>
                NULL,
              </otherwise>
            </choose>
            <choose>
              <when test="PROJK != ''">
                #{PROJK},
              </when>
              <otherwise>
                NULL,
              </otherwise>
            </choose>
            <choose>
              <when test="INPROCESS_COST != null">
                #{INPROCESS_COST},
              </when>
              <otherwise>
                NULL,
              </otherwise>
            </choose>
            <choose>
              <when test="INPROCESS_COST_BALANCE != null">
                #{INPROCESS_COST_BALANCE},
              </when>
              <otherwise>
                NULL,
              </otherwise>
            </choose>
            <choose>
              <when test="CURRENT_COST_BALANCE != null">
                #{CURRENT_COST_BALANCE},
              </when>
              <otherwise>
                NULL,
              </otherwise>
            </choose>
            <choose>
              <when test="L_MACHINE_INPROCESS_COST_BALANCE != null">
                #{L_MACHINE_INPROCESS_COST_BALANCE},
              </when>
              <otherwise>
                NULL,
              </otherwise>
            </choose>
            <choose>
              <when test="L_MACHINE_CURRENT_COST_BALANCE != null">
                #{L_MACHINE_CURRENT_COST_BALANCE},
              </when>
              <otherwise>
                NULL,
              </otherwise>
            </choose>
            #{INS_DT},
            #{UPD_DT}
        )
    </insert>

    <delete id="delete">
        <![CDATA[
        DELETE
        FROM
            temp_sap_in_process_cost
        WHERE
                RBUKRS = #{RBUKRS}
              AND
                GJAHR = #{GJAHR}
              AND
                MONAT = #{MONAT}
              AND
                PROJK = #{PROJK}
        ]]>
    </delete>

</mapper>
