<?xml version="1.0" encoding="UTF-8" ?>
<!DOCTYPE mapper PUBLIC "-//mybatis.org/DTD Mapper 3.0//EN"
        "http://mybatis.org/dtd/mybatis-3-mapper.dtd">

<mapper namespace="jp.co.aeroasahi.tpkt.batch.fwb0106.FWB0106Repository">

    <insert id="create">
        INSERT INTO
            temp_sap_account_balance
            (
              RRCTY,
              RVERS,
              GJAHR,
              MONAT,
              RACCT,
              RBUKRS,
              PRCTR,
              PROJK,
              PRODUCT,
              PROGRESSCD,
              HSLXX,
              INS_DT,
              UPD_DT
            )
        VALUES
        (
            <choose>
              <when test="RRCTY != ''">
                #{RRCTY},
              </when>
              <otherwise>
                NULL,
              </otherwise>
            </choose>
            <choose>
              <when test="RVERS != ''">
                #{RVERS},
              </when>
              <otherwise>
                NULL,
              </otherwise>
            </choose>
            <choose>
              <when test="GJAHR != ''">
                #{GJAHR},
              </when>
              <otherwise>
                NULL,
              </otherwise>
            </choose>
            <choose>
              <when test="MONAT != ''">
                #{MONAT},
              </when>
              <otherwise>
                NULL,
              </otherwise>
            </choose>
            <choose>
              <when test="RACCT != ''">
                #{RACCT},
              </when>
              <otherwise>
                NULL,
              </otherwise>
            </choose>
            <choose>
              <when test="RBUKRS != ''">
                #{RBUKRS},
              </when>
              <otherwise>
                NULL,
              </otherwise>
            </choose>
            <choose>
              <when test="PRCTR != ''">
                #{PRCTR},
              </when>
              <otherwise>
                NULL,
              </otherwise>
            </choose>
            <choose>
              <when test="PROJK != ''">
                #{PROJK},
              </when>
              <otherwise>
                NULL,
              </otherwise>
            </choose>
            <choose>
              <when test="PRODUCT != ''">
                #{PRODUCT},
              </when>
              <otherwise>
                NULL,
              </otherwise>
            </choose>
            <choose>
              <when test="PROGRESSCD != ''">
                #{PROGRESSCD},
              </when>
              <otherwise>
                NULL,
              </otherwise>
            </choose>
            <choose>
              <when test="HSLXX != ''">
                #{HSLXX},
              </when>
              <otherwise>
                NULL,
              </otherwise>
            </choose>
            <choose>
              <when test="INS_DT != ''">
                #{INS_DT},
              </when>
              <otherwise>
                NULL,
              </otherwise>
            </choose>
            <choose>
              <when test="UPD_DT != ''">
                #{UPD_DT}
              </when>
              <otherwise>
                NULL
              </otherwise>
            </choose>
        )
    </insert>

    <delete id="delete">
        <![CDATA[
        DELETE
        FROM
            temp_sap_account_balance
        WHERE
            RRCTY = #{RRCTY}
        AND
            RVERS = #{RVERS}
        AND
            GJAHR = #{GJAHR}
        AND
            MONAT = #{MONAT}
        AND
            RACCT = #{RACCT}
        AND
            RBUKRS = #{RBUKRS}
        AND
            PRCTR = #{PRCTR}
        AND
            PROJK = #{PROJK}
        AND
            PRODUCT = #{PRODUCT}
        AND
            PROGRESSCD = #{PROGRESSCD}
        ]]>
    </delete>

</mapper>
