<?xml version="1.0" encoding="UTF-8" ?>
<!DOCTYPE mapper PUBLIC "-//mybatis.org/DTD Mapper 3.0//EN"
        "http://mybatis.org/dtd/mybatis-3-mapper.dtd">

<mapper namespace="jp.co.aeroasahi.tpkt.batch.mdb0402.MDB0402Repository">

    <select id="findAllByOrder" resultType="jp.co.aeroasahi.tpkt.batch.mdb0402.MDB0402Output">
        SELECT
            SUBSTRING(EBI.pj_id, 3, 8) AS pjAttId,
            EBI.pj_id AS pjId,
            VEN.vendor_sort_cd AS vendorCd,
            EBI.order_num AS orderNum,
            MIN(EBI.ordered_on) AS orderedOn,
            MAX(EBI.work_subtotal_to) AS planedDeliveringOn,
            1 AS resultPlanedKbn,
            SUM(CASE WHEN (EBI.product_id = 'S00003')
                THEN KI.ordering_amount ELSE 0 END) AS outsideOrderedCost,
            SUM(CASE WHEN (EBI.product_id in ('S00002','S00007','S00008'))
                THEN KI.ordering_amount ELSE 0 END) AS groupOrderedCost,
            SUM(CASE WHEN (EBI.product_id = 'S00001')
                THEN KI.ordering_amount ELSE 0 END) AS workOutsourcingOrderedCost,
            MIN(EBI.work_subtotal_from) AS workFrom,
            MAX(EBI.work_subtotal_to) AS workTo,
            MAX(EBI.paid_on) AS paidOn,
            MAX(EBI.payment_processed_on) AS paymentProcessedOn
        FROM
            oj_entrust_branch_info AS EBI
        INNER JOIN
            oj_kotei_info AS KI
        ON
            EBI.apply_num = KI.apply_num
        AND EBI.pj_id = KI.pj_id
        AND EBI.entrust_branch_num = KI.entrust_branch_num
        INNER JOIN
            oj_base_info AS BI
        ON
            KI.apply_num = BI.apply_num
        AND KI.pj_id = BI.pj_id
        AND (BI.change_add_kbn IS NULL OR BI.change_add_kbn != 1)
        INNER JOIN
            oj_ma_vendor AS VEN
        ON
            VEN.vendor_cd = EBI.entrusted_vendor_cd
        WHERE
            EBI.ordered_on IS NOT NULL
        AND EBI.order_num IS NOT NULL
        AND ISNULL(KI.ordering_amount, 0) != 0
        AND BI.apply_status != '99'
        GROUP BY
            EBI.pj_id,
            VEN.vendor_sort_cd,
            EBI.order_num
    </select>

    <select id="findAllByPayment" resultType="jp.co.aeroasahi.tpkt.batch.mdb0402.MDB0402Output">
        SELECT
            PROJK AS pjId,
            EBELN AS orderNum,
            SUM(CASE WHEN HKONT = '63310001' THEN DMBTR ELSE 0 END) AS outsidePaidCost,
            SUM(CASE WHEN HKONT = '63310002' THEN DMBTR ELSE 0 END) AS groupPaidCost,
            SUM(CASE WHEN HKONT = '63310021' THEN DMBTR ELSE 0 END) AS workOutsourcingPaidCost
        FROM
            SAPAccountDetail
        WHERE
            HKONT IN ('63310001', '63310002', '63310021')
        AND EBELN IS NOT NULL
        AND DMBTR IS NOT NULL
        GROUP BY
            PROJK, EBELN
    </select>

    <select id="findAllByUnorderPayment" resultType="jp.co.aeroasahi.tpkt.batch.mdb0402.MDB0402Output">
        SELECT
            SUBSTRING(PROJK, 3, 8) AS pjAttId,
            PROJK AS pjId,
            'MIHACHU_CD' AS vendorCd,
            'MIHACHU_NO' AS orderNum,
            '1900-01-01' AS orderedOn,
            '1900-01-01' AS planedDeliveringOn,
            1 AS resultPlanedKbn,
            0 AS outsideOrderedCost,
            0 AS groupOrderedCost,
            SUM(CASE WHEN HKONT = '63310001' THEN DMBTR ELSE 0 END) AS outsidePaidCost,
            SUM(CASE WHEN HKONT = '63310002' THEN DMBTR ELSE 0 END) AS groupPaidCost,
            0 AS workOutsourcingOrderedCost,
            SUM(CASE WHEN HKONT = '63310021' THEN DMBTR ELSE 0 END) AS workOutsourcingPaidCost,
            NULL AS workFrom,
            NULL AS workTo,
            NULL AS paidOn,
            BUDAT AS paymentProcessedOn
        FROM
            SAPAccountDetail
        WHERE
            HKONT IN ('63310001', '63310002', '63310021')
        AND ISNULL(EBELN, '') = ''
        AND DMBTR IS NOT NULL
        GROUP BY
            PROJK, BUDAT, HKONT
    </select>

    <delete id="delete">
        <![CDATA[
        DELETE
        FROM
            temp_md_outsourcing
        ]]>
    </delete>

    <insert id="create">
        INSERT INTO
            temp_md_outsourcing
            (
                pj_att_id,
                pj_id,
                vendor_cd,
                order_num,
                ordered_on,
                planed_delivering_on,
                result_planed_kbn,
                outside_ordered_cost,
                group_ordered_cost,
                outside_paid_cost,
                group_paid_cost,
                work_outsourcing_ordered_cost,
                work_outsourcing_paid_cost,
                work_from,
                work_to,
                paid_on,
                payment_processed_on,
                created_at,
                updated_at
            )
        VALUES
            (
                <choose>
                  <when test="pjAttId != null">
                    #{pjAttId},
                  </when>
                  <otherwise>
                    NULL,
                  </otherwise>
                </choose>
                <choose>
                  <when test="pjId != null">
                    #{pjId},
                  </when>
                  <otherwise>
                    NULL,
                  </otherwise>
                </choose>
                <choose>
                  <when test="vendorCd != null">
                    #{vendorCd},
                  </when>
                  <otherwise>
                    NULL,
                  </otherwise>
                </choose>
                <choose>
                  <when test="orderNum != null">
                    #{orderNum},
                  </when>
                  <otherwise>
                    NULL,
                  </otherwise>
                </choose>
                <choose>
                  <when test="orderedOn != null">
                    #{orderedOn},
                  </when>
                  <otherwise>
                    CONVERT(date, NULL),
                  </otherwise>
                </choose>
                <choose>
                  <when test="planedDeliveringOn != null">
                    #{planedDeliveringOn},
                  </when>
                  <otherwise>
                    CONVERT(date, NULL),
                  </otherwise>
                </choose>
                <choose>
                  <when test="resultPlanedKbn != null">
                    #{resultPlanedKbn},
                  </when>
                  <otherwise>
                    NULL,
                  </otherwise>
                </choose>
                <choose>
                  <when test="outsideOrderedCost != null">
                    #{outsideOrderedCost},
                  </when>
                  <otherwise>
                    NULL,
                  </otherwise>
                </choose>
                <choose>
                  <when test="groupOrderedCost != null">
                    #{groupOrderedCost},
                  </when>
                  <otherwise>
                    NULL,
                  </otherwise>
                </choose>
                <choose>
                  <when test="outsidePaidCost != null">
                    #{outsidePaidCost},
                  </when>
                  <otherwise>
                    NULL,
                  </otherwise>
                </choose>
                <choose>
                  <when test="groupPaidCost != null">
                    #{groupPaidCost},
                  </when>
                  <otherwise>
                    NULL,
                  </otherwise>
                </choose>
                <choose>
                  <when test="workOutsourcingOrderedCost != null">
                    #{workOutsourcingOrderedCost},
                  </when>
                  <otherwise>
                    NULL,
                  </otherwise>
                </choose>
                <choose>
                  <when test="workOutsourcingPaidCost != null">
                    #{workOutsourcingPaidCost},
                  </when>
                  <otherwise>
                    NULL,
                  </otherwise>
                </choose>
                <choose>
                  <when test="workFrom != null">
                    #{workFrom},
                  </when>
                  <otherwise>
                    CONVERT(date, NULL),
                  </otherwise>
                </choose>
                <choose>
                  <when test="workTo != null">
                    #{workTo},
                  </when>
                  <otherwise>
                    CONVERT(date, NULL),
                  </otherwise>
                </choose>
                <choose>
                  <when test="paidOn != null">
                    #{paidOn},
                  </when>
                  <otherwise>
                    CONVERT(date, NULL),
                  </otherwise>
                </choose>
                <choose>
                  <when test="paymentProcessedOn != null">
                    #{paymentProcessedOn},
                  </when>
                  <otherwise>
                    CONVERT(date, NULL),
                  </otherwise>
                </choose>
                #{createdAt},
                #{updatedAt}
            )
    </insert>

    <update id="update"  parameterType="java.util.List">
           UPDATE temp_md_outsourcing
           <set>
                outside_paid_cost = #{outsidePaidCost},
                group_paid_cost = #{groupPaidCost},
                work_outsourcing_paid_cost = #{workOutsourcingPaidCost},
                updated_at = #{updatedAt}
            </set>
            WHERE
                pj_id = #{pjId}
            AND order_num = #{orderNum}
    </update>
</mapper>
