<?xml version="1.0" encoding="UTF-8"?>
<beans xmlns="http://www.springframework.org/schema/beans" xmlns:xsi="http://www.w3.org/2001/XMLSchema-instance"
    xmlns:context="http://www.springframework.org/schema/context"
    xmlns:batch="http://www.springframework.org/schema/batch" xmlns:p="http://www.springframework.org/schema/p"
    xmlns:mybatis="http://mybatis.org/schema/mybatis-spring"
    xsi:schemaLocation="http://www.springframework.org/schema/beans http://www.springframework.org/schema/beans/spring-beans.xsd
             http://www.springframework.org/schema/context http://www.springframework.org/schema/context/spring-context.xsd
             http://www.springframework.org/schema/batch http://www.springframework.org/schema/batch/spring-batch.xsd
             http://mybatis.org/schema/mybatis-spring http://mybatis.org/schema/mybatis-spring.xsd">

    <import resource="classpath:META-INF/spring/job-base-context.xml" />

    <context:component-scan base-package="jp.co.aeroasahi.tpkt.batch.fwb0101" />

    <mybatis:scan base-package="jp.co.aeroasahi.tpkt.batch.fwb0101" factory-ref="jobSqlSessionFactory" />

    <bean id="reader" class="org.springframework.batch.item.file.FlatFileItemReader" scope="step"
        p:resource="file:#{jobParameters['inputFile']}" p:encoding="MS932" p:strict="true">
        <property name="lineMapper">
            <bean class="org.springframework.batch.item.file.mapping.DefaultLineMapper">
                <property name="lineTokenizer">
                    <bean class="org.springframework.batch.item.file.transform.DelimitedLineTokenizer"
                        p:delimiter="&#09;" p:quoteCharacter='"'
                        p:names="KUNNR,NAME1,NAME2,COUNTRY,POST_CODE1,STREET,CITY1,CITY2,STR_SUPPL1,STR_SUPPL2,TEL_NUMBER,FAX_NUMBER,BRSCH,ZTERM_B,WAERS,STCD1,BRAN1,SPERR" />
                </property>
                <property name="fieldSetMapper">
                    <bean class="org.springframework.batch.item.file.mapping.BeanWrapperFieldSetMapper"
                        p:targetType="jp.co.aeroasahi.tpkt.batch.fwb0101.FWB0101Input" />
                </property>
            </bean>
        </property>
    </bean>

    <bean id="writer" class="org.mybatis.spring.batch.MyBatisBatchItemWriter" scope="step"
        p:sqlSessionTemplate-ref="batchModeSqlSessionTemplate"
        p:statementId="jp.co.aeroasahi.tpkt.batch.fwb0101.FWB0101Repository.create" p:assertUpdates="false" />

    <bean id="delete" class="org.mybatis.spring.batch.MyBatisBatchItemWriter" scope="step"
        p:sqlSessionTemplate-ref="batchModeSqlSessionTemplate"
        p:statementId="jp.co.aeroasahi.tpkt.batch.fwb0101.FWB0101Repository.delete" />

    <batch:job id="fwb0101Job" job-repository="jobRepository">
        <batch:step id="fwb0101Job.step01">
            <batch:tasklet transaction-manager="jobTransactionManager" ref="FWB0101Tasklet" />
        </batch:step>
        <batch:listeners>
            <batch:listener ref="jobExecutionLoggingListener" />
        </batch:listeners>
    </batch:job>

</beans>
