<?xml version="1.0" encoding="UTF-8"?>
<beans xmlns="http://www.springframework.org/schema/beans" xmlns:xsi="http://www.w3.org/2001/XMLSchema-instance"
    xmlns:context="http://www.springframework.org/schema/context"
    xmlns:batch="http://www.springframework.org/schema/batch" xmlns:p="http://www.springframework.org/schema/p"
    xmlns:mybatis="http://mybatis.org/schema/mybatis-spring"
    xsi:schemaLocation="http://www.springframework.org/schema/beans http://www.springframework.org/schema/beans/spring-beans.xsd
             http://www.springframework.org/schema/context http://www.springframework.org/schema/context/spring-context.xsd
             http://www.springframework.org/schema/batch http://www.springframework.org/schema/batch/spring-batch.xsd
             http://mybatis.org/schema/mybatis-spring http://mybatis.org/schema/mybatis-spring.xsd">

    <import resource="classpath:META-INF/spring/job-base-context.xml" />

    <context:component-scan base-package="jp.co.aeroasahi.tpkt.batch.fwb0112" />

    <mybatis:scan base-package="jp.co.aeroasahi.tpkt.batch.fwb0112" factory-ref="jobSqlSessionFactory" />

    <bean id="reader" class="org.springframework.batch.item.file.FlatFileItemReader" scope="step"
        p:resource="file:#{jobParameters['inputFile']}" p:encoding="MS932" p:strict="true">
        <property name="lineMapper">
            <bean class="org.springframework.batch.item.file.mapping.DefaultLineMapper">
                <property name="lineTokenizer">
                    <bean class="org.springframework.batch.item.file.transform.DelimitedLineTokenizer"
                        p:delimiter="&#09;" p:quoteCharacter='"'
                        p:names="ZPSPID,ZPSPNAME,ZEIGYOSHUKANBUMON,ZEIGYOTANTO,ZSEISANSHUKANBUMON,ZPRODUCER,ZBUKKENTANTO,ZBUKKENTANTOBUMON,ZTOKUISAKI,ZBUNYACD,ZGYOUMUCD,STAT,DATEFLG,ZLEASEFLAG,ZKEIYAKUMEI,ZMEIGIKAISHA,ZKEYAKUKOKIB,ZKEYAKUKOKIE" />
                </property>
                <property name="fieldSetMapper">
                    <bean class="org.springframework.batch.item.file.mapping.BeanWrapperFieldSetMapper"
                        p:targetType="jp.co.aeroasahi.tpkt.batch.fwb0112.FWB0112Input" />
                </property>
            </bean>
        </property>
    </bean>

    <batch:job id="fwb0112Job" job-repository="jobRepository">
        <batch:step id="fwb0112Job.step01">
            <batch:tasklet transaction-manager="jobTransactionManager" ref="FWB0112Tasklet" />
        </batch:step>
        <batch:listeners>
            <batch:listener ref="jobExecutionLoggingListener" />
        </batch:listeners>
    </batch:job>

</beans>
