<?xml version="1.0" encoding="UTF-8" ?>
<!DOCTYPE mapper PUBLIC "-//mybatis.org/DTD Mapper 3.0//EN"
        "http://mybatis.org/dtd/mybatis-3-mapper.dtd">

<mapper namespace="jp.co.aeroasahi.tpkt.batch.mdb0204.MDB0204Repository">

    <select id="findAll" resultType="jp.co.aeroasahi.tpkt.batch.mdb0204.MDB0204Input">
        SELECT
            SC.KUNNR AS KUNNR,
            SC.NAME1 AS NAME1,
            SC.NAME2 AS NAME2,
            SC.BRAN1 AS BRAN1
        FROM
            SAPCustomer SC
    </select>

    <insert id="create">
        INSERT INTO
            temp_md_ma_customer
            (
              customer_cd,
              customer_short_name,
              customer_name,
              customer_category_cd,
              created_at,
              updated_at
            )
        VALUES
            (
                #{customerCd},
            <choose>
              <when test="customerShortName != null">
                #{customerShortName},
              </when>
              <otherwise>
                NULL,
              </otherwise>
            </choose>
             <choose>
              <when test="customerName != null">
                #{customerName},
              </when>
              <otherwise>
                NULL,
              </otherwise>
            </choose>
            <choose>
              <when test="customerCategoryCd != null">
                #{customerCategoryCd},
              </when>
              <otherwise>
                NULL,
              </otherwise>
            </choose>
            #{createdAt},
            #{updatedAt}
            )
    </insert>

    <delete id="delete">
        <![CDATA[
        DELETE
        FROM
            temp_md_ma_customer
        ]]>
    </delete>
</mapper>

